DELETE FROM order_shipping_addresses cascade;
DELETE FROM addresses cascade;
DELETE FROM orders cascade;
DELETE FROM carts cascade;
DELETE FROM cords cascade;

INSERT INTO carts (id, reference_number, account_id, created_at, updated_at, currency, sub_total, shipping_total, adjustments_total, taxes_total, grand_total, scope) VALUES (6, 'BR10006', 41, '2017-04-26 15:07:40.454517', '2017-04-26 15:07:40.454517', 'USD', 23000, 0, 0, 0, 23000, '1.2'::ltree);
INSERT INTO carts (id, reference_number, account_id, created_at, updated_at, currency, sub_total, shipping_total, adjustments_total, taxes_total, grand_total, scope) VALUES (9, 'BR10009', 93, '2017-04-26 15:07:40.454517', '2017-04-26 15:07:40.454517', 'USD', 23000, 0, 0, 0, 23000, '1.2'::ltree);
INSERT INTO carts (id, reference_number, account_id, created_at, updated_at, currency, sub_total, shipping_total, adjustments_total, taxes_total, grand_total, scope) VALUES (11, 'BR10011', 91, '2017-04-26 15:07:40.454517', '2017-04-26 15:07:40.454517', 'USD', 16500, 0, 0, 0, 16500, '1.2'::ltree);
INSERT INTO carts (id, reference_number, account_id, created_at, updated_at, currency, sub_total, shipping_total, adjustments_total, taxes_total, grand_total, scope) VALUES (13, 'BR10013', 37, '2017-04-26 15:07:40.454517', '2017-04-26 15:07:40.454517', 'USD', 1500, 0, 0, 0, 1500, '1.2'::ltree);
INSERT INTO carts (id, reference_number, account_id, created_at, updated_at, currency, sub_total, shipping_total, adjustments_total, taxes_total, grand_total, scope) VALUES (16, 'BR10016', 64, '2017-04-26 15:07:40.454517', '2017-04-26 15:07:40.454517', 'USD', 12100, 0, 0, 0, 12100, '1.2'::ltree);
INSERT INTO carts (id, reference_number, account_id, created_at, updated_at, currency, sub_total, shipping_total, adjustments_total, taxes_total, grand_total, scope) VALUES (20, 'BR10020', 53, '2017-04-26 15:07:40.454517', '2017-04-26 15:07:40.454517', 'USD', 13300, 0, 0, 0, 13300, '1.2'::ltree);
INSERT INTO carts (id, reference_number, account_id, created_at, updated_at, currency, sub_total, shipping_total, adjustments_total, taxes_total, grand_total, scope) VALUES (22, 'BR10022', 34, '2017-04-26 15:07:40.454517', '2017-04-26 15:07:40.454517', 'USD', 15300, 0, 0, 0, 15300, '1.2'::ltree);
INSERT INTO carts (id, reference_number, account_id, created_at, updated_at, currency, sub_total, shipping_total, adjustments_total, taxes_total, grand_total, scope) VALUES (27, 'BR10027', 25, '2017-04-26 15:07:40.454517', '2017-04-26 15:07:40.454517', 'USD', 15300, 0, 0, 0, 15300, '1.2'::ltree);
INSERT INTO carts (id, reference_number, account_id, created_at, updated_at, currency, sub_total, shipping_total, adjustments_total, taxes_total, grand_total, scope) VALUES (29, 'BR10029', 24, '2017-04-26 15:07:40.454517', '2017-04-26 15:07:40.454517', 'USD', 23300, 0, 0, 0, 23300, '1.2'::ltree);
INSERT INTO carts (id, reference_number, account_id, created_at, updated_at, currency, sub_total, shipping_total, adjustments_total, taxes_total, grand_total, scope) VALUES (34, 'BR10034', 39, '2017-04-26 15:07:40.454517', '2017-04-26 15:07:40.454517', 'USD', 8800, 0, 0, 0, 8800, '1.2'::ltree);
INSERT INTO carts (id, reference_number, account_id, created_at, updated_at, currency, sub_total, shipping_total, adjustments_total, taxes_total, grand_total, scope) VALUES (36, 'BR10036', 89, '2017-04-26 15:07:40.454517', '2017-04-26 15:07:40.454517', 'USD', 24500, 0, 0, 0, 24500, '1.2'::ltree);
INSERT INTO carts (id, reference_number, account_id, created_at, updated_at, currency, sub_total, shipping_total, adjustments_total, taxes_total, grand_total, scope) VALUES (41, 'BR10041', 17, '2017-04-26 15:07:40.454517', '2017-04-26 15:07:40.454517', 'USD', 10000, 0, 0, 0, 10000, '1.2'::ltree);
INSERT INTO carts (id, reference_number, account_id, created_at, updated_at, currency, sub_total, shipping_total, adjustments_total, taxes_total, grand_total, scope) VALUES (44, 'BR10044', 55, '2017-04-26 15:07:40.454517', '2017-04-26 15:07:40.454517', 'USD', 10000, 0, 0, 0, 10000, '1.2'::ltree);
INSERT INTO carts (id, reference_number, account_id, created_at, updated_at, currency, sub_total, shipping_total, adjustments_total, taxes_total, grand_total, scope) VALUES (49, 'BR10049', 11, '2017-04-26 15:07:40.454517', '2017-04-26 15:07:40.454517', 'USD', 16500, 0, 0, 0, 16500, '1.2'::ltree);
INSERT INTO carts (id, reference_number, account_id, created_at, updated_at, currency, sub_total, shipping_total, adjustments_total, taxes_total, grand_total, scope) VALUES (54, 'BR10054', 104, '2017-04-26 15:07:40.454517', '2017-04-26 15:07:40.454517', 'USD', 37400, 0, 0, 0, 37400, '1.2'::ltree);
INSERT INTO carts (id, reference_number, account_id, created_at, updated_at, currency, sub_total, shipping_total, adjustments_total, taxes_total, grand_total, scope) VALUES (56, 'BR10056', 97, '2017-04-26 15:07:40.454517', '2017-04-26 15:07:40.454517', 'USD', 15300, 0, 0, 0, 15300, '1.2'::ltree);
INSERT INTO carts (id, reference_number, account_id, created_at, updated_at, currency, sub_total, shipping_total, adjustments_total, taxes_total, grand_total, scope) VALUES (60, 'BR10060', 81, '2017-04-26 15:07:40.454517', '2017-04-26 15:07:40.454517', 'USD', 6000, 0, 0, 0, 6000, '1.2'::ltree);
INSERT INTO carts (id, reference_number, account_id, created_at, updated_at, currency, sub_total, shipping_total, adjustments_total, taxes_total, grand_total, scope) VALUES (63, 'BR10063', 84, '2017-04-26 15:07:40.454517', '2017-04-26 15:07:40.454517', 'USD', 4500, 0, 0, 0, 4500, '1.2'::ltree);
INSERT INTO carts (id, reference_number, account_id, created_at, updated_at, currency, sub_total, shipping_total, adjustments_total, taxes_total, grand_total, scope) VALUES (66, 'BR10066', 69, '2017-04-26 15:07:40.454517', '2017-04-26 15:07:40.454517', 'USD', 13600, 0, 0, 0, 13600, '1.2'::ltree);
INSERT INTO carts (id, reference_number, account_id, created_at, updated_at, currency, sub_total, shipping_total, adjustments_total, taxes_total, grand_total, scope) VALUES (68, 'BR10068', 12, '2017-04-26 15:07:40.454517', '2017-04-26 15:07:40.454517', 'USD', 17700, 0, 0, 0, 17700, '1.2'::ltree);

INSERT INTO cords (reference_number, is_cart) VALUES ('BR10001', false);
INSERT INTO cords (reference_number, is_cart) VALUES ('BR10002', false);
INSERT INTO cords (reference_number, is_cart) VALUES ('BR10003', false);
INSERT INTO cords (reference_number, is_cart) VALUES ('BR10004', false);
INSERT INTO cords (reference_number, is_cart) VALUES ('BR10005', false);
INSERT INTO cords (reference_number, is_cart) VALUES ('BR10007', false);
INSERT INTO cords (reference_number, is_cart) VALUES ('BR10008', false);
INSERT INTO cords (reference_number, is_cart) VALUES ('BR10010', false);
INSERT INTO cords (reference_number, is_cart) VALUES ('BR10012', false);
INSERT INTO cords (reference_number, is_cart) VALUES ('BR10014', false);
INSERT INTO cords (reference_number, is_cart) VALUES ('BR10015', false);
INSERT INTO cords (reference_number, is_cart) VALUES ('BR10017', false);
INSERT INTO cords (reference_number, is_cart) VALUES ('BR10018', false);
INSERT INTO cords (reference_number, is_cart) VALUES ('BR10019', false);
INSERT INTO cords (reference_number, is_cart) VALUES ('BR10021', false);
INSERT INTO cords (reference_number, is_cart) VALUES ('BR10023', false);
INSERT INTO cords (reference_number, is_cart) VALUES ('BR10024', false);
INSERT INTO cords (reference_number, is_cart) VALUES ('BR10025', false);
INSERT INTO cords (reference_number, is_cart) VALUES ('BR10026', false);
INSERT INTO cords (reference_number, is_cart) VALUES ('BR10028', false);
INSERT INTO cords (reference_number, is_cart) VALUES ('BR10030', false);
INSERT INTO cords (reference_number, is_cart) VALUES ('BR10031', false);
INSERT INTO cords (reference_number, is_cart) VALUES ('BR10032', false);
INSERT INTO cords (reference_number, is_cart) VALUES ('BR10033', false);
INSERT INTO cords (reference_number, is_cart) VALUES ('BR10035', false);
INSERT INTO cords (reference_number, is_cart) VALUES ('BR10037', false);
INSERT INTO cords (reference_number, is_cart) VALUES ('BR10038', false);
INSERT INTO cords (reference_number, is_cart) VALUES ('BR10039', false);
INSERT INTO cords (reference_number, is_cart) VALUES ('BR10040', false);
INSERT INTO cords (reference_number, is_cart) VALUES ('BR10042', false);
INSERT INTO cords (reference_number, is_cart) VALUES ('BR10043', false);
INSERT INTO cords (reference_number, is_cart) VALUES ('BR10045', false);
INSERT INTO cords (reference_number, is_cart) VALUES ('BR10046', false);
INSERT INTO cords (reference_number, is_cart) VALUES ('BR10047', false);
INSERT INTO cords (reference_number, is_cart) VALUES ('BR10048', false);
INSERT INTO cords (reference_number, is_cart) VALUES ('BR10050', false);
INSERT INTO cords (reference_number, is_cart) VALUES ('BR10051', false);
INSERT INTO cords (reference_number, is_cart) VALUES ('BR10052', false);
INSERT INTO cords (reference_number, is_cart) VALUES ('BR10053', false);
INSERT INTO cords (reference_number, is_cart) VALUES ('BR10055', false);
INSERT INTO cords (reference_number, is_cart) VALUES ('BR10057', false);
INSERT INTO cords (reference_number, is_cart) VALUES ('BR10058', false);
INSERT INTO cords (reference_number, is_cart) VALUES ('BR10059', false);
INSERT INTO cords (reference_number, is_cart) VALUES ('BR10061', false);
INSERT INTO cords (reference_number, is_cart) VALUES ('BR10062', false);
INSERT INTO cords (reference_number, is_cart) VALUES ('BR10064', false);
INSERT INTO cords (reference_number, is_cart) VALUES ('BR10065', false);
INSERT INTO cords (reference_number, is_cart) VALUES ('BR10067', false);

INSERT INTO orders (id, reference_number, account_id, context_id, state, placed_at, updated_at, remorse_period_end, currency, sub_total, shipping_total, adjustments_total, taxes_total, grand_total, fraud_score, scope) VALUES (1, 'BR10001', 14, 1, 'manualHold', '2017-04-26 15:07:45.336000', '2017-04-26 15:07:40.454517', null, 'USD', 0, 0, 0, 0, 0, 0, '1.2'::ltree);
INSERT INTO orders (id, reference_number, account_id, context_id, state, placed_at, updated_at, remorse_period_end, currency, sub_total, shipping_total, adjustments_total, taxes_total, grand_total, fraud_score, scope) VALUES (2, 'BR10002', 41, 1, 'manualHold', '2017-04-25 15:07:40.473000', '2017-04-26 15:07:40.454517', null, 'USD', 22200, 3000, 0, 1260, 26460, 0, '1.2'::ltree);
INSERT INTO orders (id, reference_number, account_id, context_id, state, placed_at, updated_at, remorse_period_end, currency, sub_total, shipping_total, adjustments_total, taxes_total, grand_total, fraud_score, scope) VALUES (3, 'BR10003', 41, 1, 'shipped', '2017-04-25 15:07:40.473000', '2017-04-26 15:07:40.454517', null, 'USD', 10000, 3000, 0, 650, 13650, 0, '1.2'::ltree);
INSERT INTO orders (id, reference_number, account_id, context_id, state, placed_at, updated_at, remorse_period_end, currency, sub_total, shipping_total, adjustments_total, taxes_total, grand_total, fraud_score, scope) VALUES (4, 'BR10004', 41, 1, 'shipped', '2017-04-25 15:07:40.473000', '2017-04-26 15:07:40.454517', null, 'USD', 4500, 0, 0, 225, 4725, 0, '1.2'::ltree);
INSERT INTO orders (id, reference_number, account_id, context_id, state, placed_at, updated_at, remorse_period_end, currency, sub_total, shipping_total, adjustments_total, taxes_total, grand_total, fraud_score, scope) VALUES (5, 'BR10005', 41, 1, 'fraudHold', '2017-04-25 15:07:40.473000', '2017-04-26 15:07:40.454517', null, 'USD', 4800, 0, 0, 240, 5040, 0, '1.2'::ltree);
INSERT INTO orders (id, reference_number, account_id, context_id, state, placed_at, updated_at, remorse_period_end, currency, sub_total, shipping_total, adjustments_total, taxes_total, grand_total, fraud_score, scope) VALUES (7, 'BR10007', 93, 1, 'shipped', '2017-04-25 15:07:40.473000', '2017-04-26 15:07:40.454517', null, 'USD', 12200, 1500, 0, 685, 14385, 0, '1.2'::ltree);
INSERT INTO orders (id, reference_number, account_id, context_id, state, placed_at, updated_at, remorse_period_end, currency, sub_total, shipping_total, adjustments_total, taxes_total, grand_total, fraud_score, scope) VALUES (8, 'BR10008', 93, 1, 'shipped', '2017-04-25 15:07:40.473000', '2017-04-26 15:07:40.454517', null, 'USD', 16500, 3000, 0, 975, 20475, 0, '1.2'::ltree);
INSERT INTO orders (id, reference_number, account_id, context_id, state, placed_at, updated_at, remorse_period_end, currency, sub_total, shipping_total, adjustments_total, taxes_total, grand_total, fraud_score, scope) VALUES (10, 'BR10010', 91, 1, 'fulfillmentStarted', '2017-04-25 15:07:40.473000', '2017-04-26 15:07:40.454517', null, 'USD', 13600, 1500, 0, 755, 15855, 0, '1.2'::ltree);
INSERT INTO orders (id, reference_number, account_id, context_id, state, placed_at, updated_at, remorse_period_end, currency, sub_total, shipping_total, adjustments_total, taxes_total, grand_total, fraud_score, scope) VALUES (12, 'BR10012', 37, 1, 'fraudHold', '2017-04-25 15:07:40.473000', '2017-04-26 15:07:40.454517', null, 'USD', 1500, 0, 0, 75, 1575, 0, '1.2'::ltree);
INSERT INTO orders (id, reference_number, account_id, context_id, state, placed_at, updated_at, remorse_period_end, currency, sub_total, shipping_total, adjustments_total, taxes_total, grand_total, fraud_score, scope) VALUES (14, 'BR10014', 64, 1, 'fraudHold', '2017-04-25 15:07:40.473000', '2017-04-26 15:07:40.454517', null, 'USD', 10000, 1500, 0, 575, 12075, 0, '1.2'::ltree);
INSERT INTO orders (id, reference_number, account_id, context_id, state, placed_at, updated_at, remorse_period_end, currency, sub_total, shipping_total, adjustments_total, taxes_total, grand_total, fraud_score, scope) VALUES (15, 'BR10015', 64, 1, 'fulfillmentStarted', '2017-04-25 15:07:40.473000', '2017-04-26 15:07:40.454517', null, 'USD', 9200, 3000, 0, 610, 12810, 0, '1.2'::ltree);
INSERT INTO orders (id, reference_number, account_id, context_id, state, placed_at, updated_at, remorse_period_end, currency, sub_total, shipping_total, adjustments_total, taxes_total, grand_total, fraud_score, scope) VALUES (17, 'BR10017', 53, 1, 'shipped', '2017-04-25 15:07:40.473000', '2017-04-26 15:07:40.454517', null, 'USD', 21300, 0, 0, 1065, 22365, 0, '1.2'::ltree);
INSERT INTO orders (id, reference_number, account_id, context_id, state, placed_at, updated_at, remorse_period_end, currency, sub_total, shipping_total, adjustments_total, taxes_total, grand_total, fraud_score, scope) VALUES (18, 'BR10018', 53, 1, 'fulfillmentStarted', '2017-04-25 15:07:40.473000', '2017-04-26 15:07:40.454517', null, 'USD', 3300, 300, 0, 180, 3780, 0, '1.2'::ltree);
INSERT INTO orders (id, reference_number, account_id, context_id, state, placed_at, updated_at, remorse_period_end, currency, sub_total, shipping_total, adjustments_total, taxes_total, grand_total, fraud_score, scope) VALUES (19, 'BR10019', 53, 1, 'shipped', '2017-04-25 15:07:40.473000', '2017-04-26 15:07:40.454517', null, 'USD', 9200, 1500, 0, 535, 11235, 0, '1.2'::ltree);
INSERT INTO orders (id, reference_number, account_id, context_id, state, placed_at, updated_at, remorse_period_end, currency, sub_total, shipping_total, adjustments_total, taxes_total, grand_total, fraud_score, scope) VALUES (21, 'BR10021', 34, 1, 'shipped', '2017-04-25 15:07:40.473000', '2017-04-26 15:07:40.454517', null, 'USD', 1500, 1500, 0, 150, 3150, 0, '1.2'::ltree);
INSERT INTO orders (id, reference_number, account_id, context_id, state, placed_at, updated_at, remorse_period_end, currency, sub_total, shipping_total, adjustments_total, taxes_total, grand_total, fraud_score, scope) VALUES (23, 'BR10023', 25, 1, 'manualHold', '2017-04-25 15:07:40.473000', '2017-04-26 15:07:40.454517', null, 'USD', 8800, 0, 0, 440, 9240, 0, '1.2'::ltree);
INSERT INTO orders (id, reference_number, account_id, context_id, state, placed_at, updated_at, remorse_period_end, currency, sub_total, shipping_total, adjustments_total, taxes_total, grand_total, fraud_score, scope) VALUES (24, 'BR10024', 25, 1, 'fraudHold', '2017-04-25 15:07:40.473000', '2017-04-26 15:07:40.454517', null, 'USD', 24100, 0, 0, 1205, 25305, 0, '1.2'::ltree);
INSERT INTO orders (id, reference_number, account_id, context_id, state, placed_at, updated_at, remorse_period_end, currency, sub_total, shipping_total, adjustments_total, taxes_total, grand_total, fraud_score, scope) VALUES (25, 'BR10025', 25, 1, 'fraudHold', '2017-04-25 15:07:40.473000', '2017-04-26 15:07:40.454517', null, 'USD', 7800, 1500, 0, 465, 9765, 0, '1.2'::ltree);
INSERT INTO orders (id, reference_number, account_id, context_id, state, placed_at, updated_at, remorse_period_end, currency, sub_total, shipping_total, adjustments_total, taxes_total, grand_total, fraud_score, scope) VALUES (26, 'BR10026', 25, 1, 'fulfillmentStarted', '2017-04-25 15:07:40.473000', '2017-04-26 15:07:40.454517', null, 'USD', 7700, 0, 0, 385, 8085, 0, '1.2'::ltree);
INSERT INTO orders (id, reference_number, account_id, context_id, state, placed_at, updated_at, remorse_period_end, currency, sub_total, shipping_total, adjustments_total, taxes_total, grand_total, fraud_score, scope) VALUES (28, 'BR10028', 24, 1, 'fraudHold', '2017-04-25 15:07:40.473000', '2017-04-26 15:07:40.454517', null, 'USD', 30100, 300, 0, 1520, 31920, 0, '1.2'::ltree);
INSERT INTO orders (id, reference_number, account_id, context_id, state, placed_at, updated_at, remorse_period_end, currency, sub_total, shipping_total, adjustments_total, taxes_total, grand_total, fraud_score, scope) VALUES (30, 'BR10030', 39, 1, 'fraudHold', '2017-04-25 15:07:40.473000', '2017-04-26 15:07:40.454517', null, 'USD', 17700, 1500, 0, 960, 20160, 0, '1.2'::ltree);
INSERT INTO orders (id, reference_number, account_id, context_id, state, placed_at, updated_at, remorse_period_end, currency, sub_total, shipping_total, adjustments_total, taxes_total, grand_total, fraud_score, scope) VALUES (31, 'BR10031', 39, 1, 'manualHold', '2017-04-25 15:07:40.473000', '2017-04-26 15:07:40.454517', null, 'USD', 3300, 1500, 0, 240, 5040, 0, '1.2'::ltree);
INSERT INTO orders (id, reference_number, account_id, context_id, state, placed_at, updated_at, remorse_period_end, currency, sub_total, shipping_total, adjustments_total, taxes_total, grand_total, fraud_score, scope) VALUES (32, 'BR10032', 39, 1, 'manualHold', '2017-04-25 15:07:40.473000', '2017-04-26 15:07:40.454517', null, 'USD', 23300, 3000, 0, 1315, 27615, 0, '1.2'::ltree);
INSERT INTO orders (id, reference_number, account_id, context_id, state, placed_at, updated_at, remorse_period_end, currency, sub_total, shipping_total, adjustments_total, taxes_total, grand_total, fraud_score, scope) VALUES (33, 'BR10033', 39, 1, 'fulfillmentStarted', '2017-04-25 15:07:40.473000', '2017-04-26 15:07:40.454517', null, 'USD', 16800, 3000, 0, 990, 20790, 0, '1.2'::ltree);
INSERT INTO orders (id, reference_number, account_id, context_id, state, placed_at, updated_at, remorse_period_end, currency, sub_total, shipping_total, adjustments_total, taxes_total, grand_total, fraud_score, scope) VALUES (35, 'BR10035', 89, 1, 'shipped', '2017-04-25 15:07:40.473000', '2017-04-26 15:07:40.454517', null, 'USD', 3300, 1500, 0, 240, 5040, 0, '1.2'::ltree);
INSERT INTO orders (id, reference_number, account_id, context_id, state, placed_at, updated_at, remorse_period_end, currency, sub_total, shipping_total, adjustments_total, taxes_total, grand_total, fraud_score, scope) VALUES (37, 'BR10037', 17, 1, 'shipped', '2017-04-25 15:07:40.473000', '2017-04-26 15:07:40.454517', null, 'USD', 15300, 300, 0, 780, 16380, 0, '1.2'::ltree);
INSERT INTO orders (id, reference_number, account_id, context_id, state, placed_at, updated_at, remorse_period_end, currency, sub_total, shipping_total, adjustments_total, taxes_total, grand_total, fraud_score, scope) VALUES (38, 'BR10038', 17, 1, 'manualHold', '2017-04-25 15:07:40.473000', '2017-04-26 15:07:40.454517', null, 'USD', 15300, 0, 0, 765, 16065, 0, '1.2'::ltree);
INSERT INTO orders (id, reference_number, account_id, context_id, state, placed_at, updated_at, remorse_period_end, currency, sub_total, shipping_total, adjustments_total, taxes_total, grand_total, fraud_score, scope) VALUES (39, 'BR10039', 17, 1, 'shipped', '2017-04-25 15:07:40.473000', '2017-04-26 15:07:40.454517', null, 'USD', 18800, 3000, 0, 1090, 22890, 0, '1.2'::ltree);
INSERT INTO orders (id, reference_number, account_id, context_id, state, placed_at, updated_at, remorse_period_end, currency, sub_total, shipping_total, adjustments_total, taxes_total, grand_total, fraud_score, scope) VALUES (40, 'BR10040', 17, 1, 'fulfillmentStarted', '2017-04-25 15:07:40.473000', '2017-04-26 15:07:40.454517', null, 'USD', 22100, 300, 0, 1120, 23520, 0, '1.2'::ltree);
INSERT INTO orders (id, reference_number, account_id, context_id, state, placed_at, updated_at, remorse_period_end, currency, sub_total, shipping_total, adjustments_total, taxes_total, grand_total, fraud_score, scope) VALUES (42, 'BR10042', 55, 1, 'fraudHold', '2017-04-25 15:07:40.473000', '2017-04-26 15:07:40.454517', null, 'USD', 7800, 1500, 0, 465, 9765, 0, '1.2'::ltree);
INSERT INTO orders (id, reference_number, account_id, context_id, state, placed_at, updated_at, remorse_period_end, currency, sub_total, shipping_total, adjustments_total, taxes_total, grand_total, fraud_score, scope) VALUES (43, 'BR10043', 55, 1, 'fraudHold', '2017-04-25 15:07:40.473000', '2017-04-26 15:07:40.454517', null, 'USD', 10000, 0, 0, 500, 10500, 0, '1.2'::ltree);
INSERT INTO orders (id, reference_number, account_id, context_id, state, placed_at, updated_at, remorse_period_end, currency, sub_total, shipping_total, adjustments_total, taxes_total, grand_total, fraud_score, scope) VALUES (45, 'BR10045', 11, 1, 'fulfillmentStarted', '2017-04-25 15:07:40.473000', '2017-04-26 15:07:40.454517', null, 'USD', 25300, 0, 0, 1265, 26565, 0, '1.2'::ltree);
INSERT INTO orders (id, reference_number, account_id, context_id, state, placed_at, updated_at, remorse_period_end, currency, sub_total, shipping_total, adjustments_total, taxes_total, grand_total, fraud_score, scope) VALUES (46, 'BR10046', 11, 1, 'manualHold', '2017-04-25 15:07:40.473000', '2017-04-26 15:07:40.454517', null, 'USD', 15300, 3000, 0, 915, 19215, 0, '1.2'::ltree);
INSERT INTO orders (id, reference_number, account_id, context_id, state, placed_at, updated_at, remorse_period_end, currency, sub_total, shipping_total, adjustments_total, taxes_total, grand_total, fraud_score, scope) VALUES (47, 'BR10047', 11, 1, 'manualHold', '2017-04-25 15:07:40.473000', '2017-04-26 15:07:40.454517', null, 'USD', 4500, 300, 0, 240, 5040, 0, '1.2'::ltree);
INSERT INTO orders (id, reference_number, account_id, context_id, state, placed_at, updated_at, remorse_period_end, currency, sub_total, shipping_total, adjustments_total, taxes_total, grand_total, fraud_score, scope) VALUES (48, 'BR10048', 11, 1, 'shipped', '2017-04-25 15:07:40.473000', '2017-04-26 15:07:40.454517', null, 'USD', 21000, 1500, 0, 1125, 23625, 0, '1.2'::ltree);
INSERT INTO orders (id, reference_number, account_id, context_id, state, placed_at, updated_at, remorse_period_end, currency, sub_total, shipping_total, adjustments_total, taxes_total, grand_total, fraud_score, scope) VALUES (50, 'BR10050', 104, 1, 'fraudHold', '2017-04-25 15:07:40.473000', '2017-04-26 15:07:40.454517', null, 'USD', 3300, 300, 0, 180, 3780, 0, '1.2'::ltree);
INSERT INTO orders (id, reference_number, account_id, context_id, state, placed_at, updated_at, remorse_period_end, currency, sub_total, shipping_total, adjustments_total, taxes_total, grand_total, fraud_score, scope) VALUES (51, 'BR10051', 104, 1, 'shipped', '2017-04-25 15:07:40.473000', '2017-04-26 15:07:40.454517', null, 'USD', 8800, 1500, 0, 515, 10815, 0, '1.2'::ltree);
INSERT INTO orders (id, reference_number, account_id, context_id, state, placed_at, updated_at, remorse_period_end, currency, sub_total, shipping_total, adjustments_total, taxes_total, grand_total, fraud_score, scope) VALUES (52, 'BR10052', 104, 1, 'shipped', '2017-04-25 15:07:40.473000', '2017-04-26 15:07:40.454517', null, 'USD', 1500, 3000, 0, 225, 4725, 0, '1.2'::ltree);
INSERT INTO orders (id, reference_number, account_id, context_id, state, placed_at, updated_at, remorse_period_end, currency, sub_total, shipping_total, adjustments_total, taxes_total, grand_total, fraud_score, scope) VALUES (53, 'BR10053', 104, 1, 'shipped', '2017-04-25 15:07:40.473000', '2017-04-26 15:07:40.454517', null, 'USD', 9200, 3000, 0, 610, 12810, 0, '1.2'::ltree);
INSERT INTO orders (id, reference_number, account_id, context_id, state, placed_at, updated_at, remorse_period_end, currency, sub_total, shipping_total, adjustments_total, taxes_total, grand_total, fraud_score, scope) VALUES (55, 'BR10055', 97, 1, 'fraudHold', '2017-04-25 15:07:40.473000', '2017-04-26 15:07:40.454517', null, 'USD', 27400, 3000, 0, 1520, 31920, 0, '1.2'::ltree);
INSERT INTO orders (id, reference_number, account_id, context_id, state, placed_at, updated_at, remorse_period_end, currency, sub_total, shipping_total, adjustments_total, taxes_total, grand_total, fraud_score, scope) VALUES (57, 'BR10057', 81, 1, 'manualHold', '2017-04-25 15:07:40.473000', '2017-04-26 15:07:40.454517', null, 'USD', 18600, 300, 0, 945, 19845, 0, '1.2'::ltree);
INSERT INTO orders (id, reference_number, account_id, context_id, state, placed_at, updated_at, remorse_period_end, currency, sub_total, shipping_total, adjustments_total, taxes_total, grand_total, fraud_score, scope) VALUES (58, 'BR10058', 81, 1, 'shipped', '2017-04-25 15:07:40.473000', '2017-04-26 15:07:40.454517', null, 'USD', 4500, 300, 0, 240, 5040, 0, '1.2'::ltree);
INSERT INTO orders (id, reference_number, account_id, context_id, state, placed_at, updated_at, remorse_period_end, currency, sub_total, shipping_total, adjustments_total, taxes_total, grand_total, fraud_score, scope) VALUES (59, 'BR10059', 81, 1, 'shipped', '2017-04-25 15:07:40.473000', '2017-04-26 15:07:40.454517', null, 'USD', 16800, 300, 0, 855, 17955, 0, '1.2'::ltree);
INSERT INTO orders (id, reference_number, account_id, context_id, state, placed_at, updated_at, remorse_period_end, currency, sub_total, shipping_total, adjustments_total, taxes_total, grand_total, fraud_score, scope) VALUES (61, 'BR10061', 84, 1, 'shipped', '2017-04-25 15:07:40.473000', '2017-04-26 15:07:40.454517', null, 'USD', 4800, 300, 0, 255, 5355, 0, '1.2'::ltree);
INSERT INTO orders (id, reference_number, account_id, context_id, state, placed_at, updated_at, remorse_period_end, currency, sub_total, shipping_total, adjustments_total, taxes_total, grand_total, fraud_score, scope) VALUES (62, 'BR10062', 84, 1, 'manualHold', '2017-04-25 15:07:40.473000', '2017-04-26 15:07:40.454517', null, 'USD', 7700, 1500, 0, 460, 9660, 0, '1.2'::ltree);
INSERT INTO orders (id, reference_number, account_id, context_id, state, placed_at, updated_at, remorse_period_end, currency, sub_total, shipping_total, adjustments_total, taxes_total, grand_total, fraud_score, scope) VALUES (64, 'BR10064', 69, 1, 'shipped', '2017-04-25 15:07:40.473000', '2017-04-26 15:07:40.454517', null, 'USD', 3300, 0, 0, 165, 3465, 0, '1.2'::ltree);
INSERT INTO orders (id, reference_number, account_id, context_id, state, placed_at, updated_at, remorse_period_end, currency, sub_total, shipping_total, adjustments_total, taxes_total, grand_total, fraud_score, scope) VALUES (65, 'BR10065', 69, 1, 'fulfillmentStarted', '2017-04-25 15:07:40.473000', '2017-04-26 15:07:40.454517', null, 'USD', 10000, 1500, 0, 575, 12075, 0, '1.2'::ltree);
INSERT INTO orders (id, reference_number, account_id, context_id, state, placed_at, updated_at, remorse_period_end, currency, sub_total, shipping_total, adjustments_total, taxes_total, grand_total, fraud_score, scope) VALUES (67, 'BR10067', 12, 1, 'fulfillmentStarted', '2017-04-25 15:07:40.473000', '2017-04-26 15:07:40.454517', null, 'USD', 8800, 3000, 0, 590, 12390, 0, '1.2'::ltree);

INSERT INTO order_shipping_addresses (id, cord_ref, region_id, name, address1, address2, city, zip, phone_number, created_at, updated_at) VALUES (1, 'BR10002', 4177, 'Ms. Laury Balistreri', 'O''Keefe', 'Apt. 881', 'Oswaldo Road', '69283', '0998114452', '2017-04-26 15:07:46.279000', '2017-04-26 15:07:46.279000');
INSERT INTO order_shipping_addresses (id, cord_ref, region_id, name, address1, address2, city, zip, phone_number, created_at, updated_at) VALUES (2, 'BR10003', 4177, 'Ms. Laury Balistreri', 'O''Keefe', 'Apt. 881', 'Oswaldo Road', '69283', '0998114452', '2017-04-26 15:07:46.497000', '2017-04-26 15:07:46.497000');
INSERT INTO order_shipping_addresses (id, cord_ref, region_id, name, address1, address2, city, zip, phone_number, created_at, updated_at) VALUES (3, 'BR10004', 4177, 'Ms. Laury Balistreri', 'O''Keefe', 'Apt. 881', 'Oswaldo Road', '69283', '0998114452', '2017-04-26 15:07:46.625000', '2017-04-26 15:07:46.625000');
INSERT INTO order_shipping_addresses (id, cord_ref, region_id, name, address1, address2, city, zip, phone_number, created_at, updated_at) VALUES (4, 'BR10005', 4177, 'Ms. Laury Balistreri', 'O''Keefe', 'Apt. 881', 'Oswaldo Road', '69283', '0998114452', '2017-04-26 15:07:46.705000', '2017-04-26 15:07:46.705000');
INSERT INTO order_shipping_addresses (id, cord_ref, region_id, name, address1, address2, city, zip, phone_number, created_at, updated_at) VALUES (5, 'BR10006', 4177, 'Ms. Laury Balistreri', 'O''Keefe', 'Apt. 881', 'Oswaldo Road', '69283', '0998114452', '2017-04-26 15:07:46.750000', '2017-04-26 15:07:46.750000');
INSERT INTO order_shipping_addresses (id, cord_ref, region_id, name, address1, address2, city, zip, phone_number, created_at, updated_at) VALUES (6, 'BR10007', 4177, 'Marilyne Heidenreich', 'Hyatt', null, 'Cullen Drive', '00150', null, '2017-04-26 15:07:46.860000', '2017-04-26 15:07:46.860000');
INSERT INTO order_shipping_addresses (id, cord_ref, region_id, name, address1, address2, city, zip, phone_number, created_at, updated_at) VALUES (7, 'BR10008', 4177, 'Marilyne Heidenreich', 'Hyatt', null, 'Cullen Drive', '00150', null, '2017-04-26 15:07:46.929000', '2017-04-26 15:07:46.929000');
INSERT INTO order_shipping_addresses (id, cord_ref, region_id, name, address1, address2, city, zip, phone_number, created_at, updated_at) VALUES (8, 'BR10009', 4177, 'Marilyne Heidenreich', 'Hyatt', null, 'Cullen Drive', '00150', null, '2017-04-26 15:07:46.965000', '2017-04-26 15:07:46.965000');
INSERT INTO order_shipping_addresses (id, cord_ref, region_id, name, address1, address2, city, zip, phone_number, created_at, updated_at) VALUES (9, 'BR10010', 4177, 'Marta Moen', 'Stracke', null, 'Corene Track', '73335', '3392712116', '2017-04-26 15:07:47.021000', '2017-04-26 15:07:47.021000');
INSERT INTO order_shipping_addresses (id, cord_ref, region_id, name, address1, address2, city, zip, phone_number, created_at, updated_at) VALUES (10, 'BR10011', 4177, 'Marta Moen', 'Stracke', null, 'Corene Track', '73335', '3392712116', '2017-04-26 15:07:47.050000', '2017-04-26 15:07:47.050000');
INSERT INTO order_shipping_addresses (id, cord_ref, region_id, name, address1, address2, city, zip, phone_number, created_at, updated_at) VALUES (11, 'BR10012', 4177, 'Rico Mraz', 'Kutch', 'Apt. 590', 'Theresia Lodge', '21253', null, '2017-04-26 15:07:47.098000', '2017-04-26 15:07:47.098000');
INSERT INTO order_shipping_addresses (id, cord_ref, region_id, name, address1, address2, city, zip, phone_number, created_at, updated_at) VALUES (12, 'BR10013', 4177, 'Rico Mraz', 'Kutch', 'Apt. 590', 'Theresia Lodge', '21253', null, '2017-04-26 15:07:47.118000', '2017-04-26 15:07:47.118000');
INSERT INTO order_shipping_addresses (id, cord_ref, region_id, name, address1, address2, city, zip, phone_number, created_at, updated_at) VALUES (13, 'BR10014', 4177, 'Hanna Wolf', 'Littel', null, 'Tessie Fort', '00802', null, '2017-04-26 15:07:47.158000', '2017-04-26 15:07:47.158000');
INSERT INTO order_shipping_addresses (id, cord_ref, region_id, name, address1, address2, city, zip, phone_number, created_at, updated_at) VALUES (14, 'BR10015', 4177, 'Hanna Wolf', 'Littel', null, 'Tessie Fort', '00802', null, '2017-04-26 15:07:47.203000', '2017-04-26 15:07:47.203000');
INSERT INTO order_shipping_addresses (id, cord_ref, region_id, name, address1, address2, city, zip, phone_number, created_at, updated_at) VALUES (15, 'BR10016', 4177, 'Hanna Wolf', 'Littel', null, 'Tessie Fort', '00802', null, '2017-04-26 15:07:47.226000', '2017-04-26 15:07:47.226000');
INSERT INTO order_shipping_addresses (id, cord_ref, region_id, name, address1, address2, city, zip, phone_number, created_at, updated_at) VALUES (16, 'BR10017', 4177, 'Andre Zemlak', 'Lindgren', 'Apt. 794', 'Cortez Station', '23278', null, '2017-04-26 15:07:47.285000', '2017-04-26 15:07:47.285000');
INSERT INTO order_shipping_addresses (id, cord_ref, region_id, name, address1, address2, city, zip, phone_number, created_at, updated_at) VALUES (17, 'BR10018', 4177, 'Andre Zemlak', 'Lindgren', 'Apt. 794', 'Cortez Station', '23278', null, '2017-04-26 15:07:47.330000', '2017-04-26 15:07:47.330000');
INSERT INTO order_shipping_addresses (id, cord_ref, region_id, name, address1, address2, city, zip, phone_number, created_at, updated_at) VALUES (18, 'BR10019', 4177, 'Andre Zemlak', 'Lindgren', 'Apt. 794', 'Cortez Station', '23278', null, '2017-04-26 15:07:47.399000', '2017-04-26 15:07:47.399000');
INSERT INTO order_shipping_addresses (id, cord_ref, region_id, name, address1, address2, city, zip, phone_number, created_at, updated_at) VALUES (19, 'BR10020', 4177, 'Andre Zemlak', 'Lindgren', 'Apt. 794', 'Cortez Station', '23278', null, '2017-04-26 15:07:47.419000', '2017-04-26 15:07:47.419000');
INSERT INTO order_shipping_addresses (id, cord_ref, region_id, name, address1, address2, city, zip, phone_number, created_at, updated_at) VALUES (20, 'BR10021', 4177, 'Mohammed Kihn', 'Donnelly', null, 'Brenna Trace', '49049', '6609392038', '2017-04-26 15:07:47.470000', '2017-04-26 15:07:47.470000');
INSERT INTO order_shipping_addresses (id, cord_ref, region_id, name, address1, address2, city, zip, phone_number, created_at, updated_at) VALUES (21, 'BR10022', 4177, 'Mohammed Kihn', 'Donnelly', null, 'Brenna Trace', '49049', '6609392038', '2017-04-26 15:07:47.491000', '2017-04-26 15:07:47.491000');
INSERT INTO order_shipping_addresses (id, cord_ref, region_id, name, address1, address2, city, zip, phone_number, created_at, updated_at) VALUES (22, 'BR10023', 4177, 'Ms. Layla Donnelly', 'Boyer', null, 'Monserrat Lodge', '53294', null, '2017-04-26 15:07:47.548000', '2017-04-26 15:07:47.548000');
INSERT INTO order_shipping_addresses (id, cord_ref, region_id, name, address1, address2, city, zip, phone_number, created_at, updated_at) VALUES (23, 'BR10024', 4177, 'Ms. Layla Donnelly', 'Boyer', null, 'Monserrat Lodge', '53294', null, '2017-04-26 15:07:47.625000', '2017-04-26 15:07:47.625000');
INSERT INTO order_shipping_addresses (id, cord_ref, region_id, name, address1, address2, city, zip, phone_number, created_at, updated_at) VALUES (24, 'BR10025', 4177, 'Ms. Layla Donnelly', 'Boyer', null, 'Monserrat Lodge', '53294', null, '2017-04-26 15:07:47.681000', '2017-04-26 15:07:47.681000');
INSERT INTO order_shipping_addresses (id, cord_ref, region_id, name, address1, address2, city, zip, phone_number, created_at, updated_at) VALUES (25, 'BR10026', 4177, 'Ms. Layla Donnelly', 'Boyer', null, 'Monserrat Lodge', '53294', null, '2017-04-26 15:07:47.713000', '2017-04-26 15:07:47.713000');
INSERT INTO order_shipping_addresses (id, cord_ref, region_id, name, address1, address2, city, zip, phone_number, created_at, updated_at) VALUES (26, 'BR10027', 4177, 'Ms. Layla Donnelly', 'Boyer', null, 'Monserrat Lodge', '53294', null, '2017-04-26 15:07:47.735000', '2017-04-26 15:07:47.735000');
INSERT INTO order_shipping_addresses (id, cord_ref, region_id, name, address1, address2, city, zip, phone_number, created_at, updated_at) VALUES (27, 'BR10028', 4177, 'Velma Quitzon', 'Hirthe', 'Apt. 139', 'Magdalen Villages', '20254', null, '2017-04-26 15:07:47.774000', '2017-04-26 15:07:47.774000');
INSERT INTO order_shipping_addresses (id, cord_ref, region_id, name, address1, address2, city, zip, phone_number, created_at, updated_at) VALUES (28, 'BR10029', 4177, 'Velma Quitzon', 'Hirthe', 'Apt. 139', 'Magdalen Villages', '20254', null, '2017-04-26 15:07:47.797000', '2017-04-26 15:07:47.797000');
INSERT INTO order_shipping_addresses (id, cord_ref, region_id, name, address1, address2, city, zip, phone_number, created_at, updated_at) VALUES (29, 'BR10030', 4177, 'Dr. Benny Hettinger', 'Schroeder', null, 'Kris Inlet', '40801', '4886867947', '2017-04-26 15:07:47.839000', '2017-04-26 15:07:47.839000');
INSERT INTO order_shipping_addresses (id, cord_ref, region_id, name, address1, address2, city, zip, phone_number, created_at, updated_at) VALUES (30, 'BR10031', 4177, 'Dr. Benny Hettinger', 'Schroeder', null, 'Kris Inlet', '40801', '4886867947', '2017-04-26 15:07:47.883000', '2017-04-26 15:07:47.883000');
INSERT INTO order_shipping_addresses (id, cord_ref, region_id, name, address1, address2, city, zip, phone_number, created_at, updated_at) VALUES (31, 'BR10032', 4177, 'Dr. Benny Hettinger', 'Schroeder', null, 'Kris Inlet', '40801', '4886867947', '2017-04-26 15:07:47.957000', '2017-04-26 15:07:47.957000');
INSERT INTO order_shipping_addresses (id, cord_ref, region_id, name, address1, address2, city, zip, phone_number, created_at, updated_at) VALUES (32, 'BR10033', 4177, 'Dr. Benny Hettinger', 'Schroeder', null, 'Kris Inlet', '40801', '4886867947', '2017-04-26 15:07:47.998000', '2017-04-26 15:07:47.998000');
INSERT INTO order_shipping_addresses (id, cord_ref, region_id, name, address1, address2, city, zip, phone_number, created_at, updated_at) VALUES (33, 'BR10034', 4177, 'Dr. Benny Hettinger', 'Schroeder', null, 'Kris Inlet', '40801', '4886867947', '2017-04-26 15:07:48.018000', '2017-04-26 15:07:48.018000');
INSERT INTO order_shipping_addresses (id, cord_ref, region_id, name, address1, address2, city, zip, phone_number, created_at, updated_at) VALUES (34, 'BR10035', 4177, 'Kayli Rau IV', 'Moore', 'Suite 208', 'Concepcion Grove', '08947', null, '2017-04-26 15:07:48.079000', '2017-04-26 15:07:48.079000');
INSERT INTO order_shipping_addresses (id, cord_ref, region_id, name, address1, address2, city, zip, phone_number, created_at, updated_at) VALUES (35, 'BR10036', 4177, 'Kayli Rau IV', 'Moore', 'Suite 208', 'Concepcion Grove', '08947', null, '2017-04-26 15:07:48.103000', '2017-04-26 15:07:48.103000');
INSERT INTO order_shipping_addresses (id, cord_ref, region_id, name, address1, address2, city, zip, phone_number, created_at, updated_at) VALUES (36, 'BR10037', 4177, 'Jennie Tromp Sr.', 'Quitzon', null, 'Nicholaus Forest', '78883', '2707310094', '2017-04-26 15:07:48.143000', '2017-04-26 15:07:48.143000');
INSERT INTO order_shipping_addresses (id, cord_ref, region_id, name, address1, address2, city, zip, phone_number, created_at, updated_at) VALUES (37, 'BR10038', 4177, 'Jennie Tromp Sr.', 'Quitzon', null, 'Nicholaus Forest', '78883', '2707310094', '2017-04-26 15:07:48.211000', '2017-04-26 15:07:48.211000');
INSERT INTO order_shipping_addresses (id, cord_ref, region_id, name, address1, address2, city, zip, phone_number, created_at, updated_at) VALUES (38, 'BR10039', 4177, 'Jennie Tromp Sr.', 'Quitzon', null, 'Nicholaus Forest', '78883', '2707310094', '2017-04-26 15:07:48.273000', '2017-04-26 15:07:48.273000');
INSERT INTO order_shipping_addresses (id, cord_ref, region_id, name, address1, address2, city, zip, phone_number, created_at, updated_at) VALUES (39, 'BR10040', 4177, 'Jennie Tromp Sr.', 'Quitzon', null, 'Nicholaus Forest', '78883', '2707310094', '2017-04-26 15:07:48.319000', '2017-04-26 15:07:48.319000');
INSERT INTO order_shipping_addresses (id, cord_ref, region_id, name, address1, address2, city, zip, phone_number, created_at, updated_at) VALUES (40, 'BR10041', 4177, 'Jennie Tromp Sr.', 'Quitzon', null, 'Nicholaus Forest', '78883', '2707310094', '2017-04-26 15:07:48.342000', '2017-04-26 15:07:48.342000');
INSERT INTO order_shipping_addresses (id, cord_ref, region_id, name, address1, address2, city, zip, phone_number, created_at, updated_at) VALUES (41, 'BR10042', 4177, 'Beulah Smitham', 'Kreiger', 'Suite 301', 'Dorothy Drives', '05446', '9930463510', '2017-04-26 15:07:48.397000', '2017-04-26 15:07:48.397000');
INSERT INTO order_shipping_addresses (id, cord_ref, region_id, name, address1, address2, city, zip, phone_number, created_at, updated_at) VALUES (42, 'BR10043', 4177, 'Beulah Smitham', 'Kreiger', 'Suite 301', 'Dorothy Drives', '05446', '9930463510', '2017-04-26 15:07:48.503000', '2017-04-26 15:07:48.503000');
INSERT INTO order_shipping_addresses (id, cord_ref, region_id, name, address1, address2, city, zip, phone_number, created_at, updated_at) VALUES (43, 'BR10044', 4177, 'Beulah Smitham', 'Kreiger', 'Suite 301', 'Dorothy Drives', '05446', '9930463510', '2017-04-26 15:07:48.544000', '2017-04-26 15:07:48.544000');
INSERT INTO order_shipping_addresses (id, cord_ref, region_id, name, address1, address2, city, zip, phone_number, created_at, updated_at) VALUES (44, 'BR10045', 4177, 'Dr. Kennith Flatley', 'Bernier', 'Suite 886', 'D''angelo Mountains', '24045', null, '2017-04-26 15:07:48.591000', '2017-04-26 15:07:48.591000');
INSERT INTO order_shipping_addresses (id, cord_ref, region_id, name, address1, address2, city, zip, phone_number, created_at, updated_at) VALUES (45, 'BR10046', 4177, 'Dr. Kennith Flatley', 'Bernier', 'Suite 886', 'D''angelo Mountains', '24045', null, '2017-04-26 15:07:48.672000', '2017-04-26 15:07:48.672000');
INSERT INTO order_shipping_addresses (id, cord_ref, region_id, name, address1, address2, city, zip, phone_number, created_at, updated_at) VALUES (46, 'BR10047', 4177, 'Dr. Kennith Flatley', 'Bernier', 'Suite 886', 'D''angelo Mountains', '24045', null, '2017-04-26 15:07:48.727000', '2017-04-26 15:07:48.727000');
INSERT INTO order_shipping_addresses (id, cord_ref, region_id, name, address1, address2, city, zip, phone_number, created_at, updated_at) VALUES (47, 'BR10048', 4177, 'Dr. Kennith Flatley', 'Bernier', 'Suite 886', 'D''angelo Mountains', '24045', null, '2017-04-26 15:07:48.799000', '2017-04-26 15:07:48.799000');
INSERT INTO order_shipping_addresses (id, cord_ref, region_id, name, address1, address2, city, zip, phone_number, created_at, updated_at) VALUES (48, 'BR10049', 4177, 'Dr. Kennith Flatley', 'Bernier', 'Suite 886', 'D''angelo Mountains', '24045', null, '2017-04-26 15:07:48.832000', '2017-04-26 15:07:48.832000');
INSERT INTO order_shipping_addresses (id, cord_ref, region_id, name, address1, address2, city, zip, phone_number, created_at, updated_at) VALUES (49, 'BR10050', 4177, 'Jaclyn Weber', 'Wyman', null, 'Jovan Centers', '28953', null, '2017-04-26 15:07:48.863000', '2017-04-26 15:07:48.863000');
INSERT INTO order_shipping_addresses (id, cord_ref, region_id, name, address1, address2, city, zip, phone_number, created_at, updated_at) VALUES (50, 'BR10051', 4177, 'Jaclyn Weber', 'Wyman', null, 'Jovan Centers', '28953', null, '2017-04-26 15:07:48.902000', '2017-04-26 15:07:48.902000');
INSERT INTO order_shipping_addresses (id, cord_ref, region_id, name, address1, address2, city, zip, phone_number, created_at, updated_at) VALUES (51, 'BR10052', 4177, 'Jaclyn Weber', 'Wyman', null, 'Jovan Centers', '28953', null, '2017-04-26 15:07:48.970000', '2017-04-26 15:07:48.970000');
INSERT INTO order_shipping_addresses (id, cord_ref, region_id, name, address1, address2, city, zip, phone_number, created_at, updated_at) VALUES (52, 'BR10053', 4177, 'Jaclyn Weber', 'Wyman', null, 'Jovan Centers', '28953', null, '2017-04-26 15:07:49.012000', '2017-04-26 15:07:49.012000');
INSERT INTO order_shipping_addresses (id, cord_ref, region_id, name, address1, address2, city, zip, phone_number, created_at, updated_at) VALUES (53, 'BR10054', 4177, 'Jaclyn Weber', 'Wyman', null, 'Jovan Centers', '28953', null, '2017-04-26 15:07:49.034000', '2017-04-26 15:07:49.034000');
INSERT INTO order_shipping_addresses (id, cord_ref, region_id, name, address1, address2, city, zip, phone_number, created_at, updated_at) VALUES (54, 'BR10055', 4177, 'Miss Jace Hartmann', 'DuBuque', 'Suite 274', 'Rosemary Drive', '81913', '6888287916', '2017-04-26 15:07:49.064000', '2017-04-26 15:07:49.064000');
INSERT INTO order_shipping_addresses (id, cord_ref, region_id, name, address1, address2, city, zip, phone_number, created_at, updated_at) VALUES (55, 'BR10056', 4177, 'Miss Jace Hartmann', 'DuBuque', 'Suite 274', 'Rosemary Drive', '81913', '6888287916', '2017-04-26 15:07:49.082000', '2017-04-26 15:07:49.082000');
INSERT INTO order_shipping_addresses (id, cord_ref, region_id, name, address1, address2, city, zip, phone_number, created_at, updated_at) VALUES (56, 'BR10057', 4177, 'Dr. Toney Rolfson', 'Satterfield', 'Apt. 377', 'Sidney Cove', '73108', '0880009447', '2017-04-26 15:07:49.138000', '2017-04-26 15:07:49.138000');
INSERT INTO order_shipping_addresses (id, cord_ref, region_id, name, address1, address2, city, zip, phone_number, created_at, updated_at) VALUES (57, 'BR10058', 4177, 'Dr. Toney Rolfson', 'Satterfield', 'Apt. 377', 'Sidney Cove', '73108', '0880009447', '2017-04-26 15:07:49.194000', '2017-04-26 15:07:49.194000');
INSERT INTO order_shipping_addresses (id, cord_ref, region_id, name, address1, address2, city, zip, phone_number, created_at, updated_at) VALUES (58, 'BR10059', 4177, 'Dr. Toney Rolfson', 'Satterfield', 'Apt. 377', 'Sidney Cove', '73108', '0880009447', '2017-04-26 15:07:49.243000', '2017-04-26 15:07:49.243000');
INSERT INTO order_shipping_addresses (id, cord_ref, region_id, name, address1, address2, city, zip, phone_number, created_at, updated_at) VALUES (59, 'BR10060', 4177, 'Dr. Toney Rolfson', 'Satterfield', 'Apt. 377', 'Sidney Cove', '73108', '0880009447', '2017-04-26 15:07:49.263000', '2017-04-26 15:07:49.263000');
INSERT INTO order_shipping_addresses (id, cord_ref, region_id, name, address1, address2, city, zip, phone_number, created_at, updated_at) VALUES (60, 'BR10061', 4177, 'Delphia Hartmann', 'Welch', 'Apt. 450', 'Tyler Crossroad', '57784', null, '2017-04-26 15:07:49.308000', '2017-04-26 15:07:49.308000');
INSERT INTO order_shipping_addresses (id, cord_ref, region_id, name, address1, address2, city, zip, phone_number, created_at, updated_at) VALUES (61, 'BR10062', 4177, 'Delphia Hartmann', 'Welch', 'Apt. 450', 'Tyler Crossroad', '57784', null, '2017-04-26 15:07:49.362000', '2017-04-26 15:07:49.362000');
INSERT INTO order_shipping_addresses (id, cord_ref, region_id, name, address1, address2, city, zip, phone_number, created_at, updated_at) VALUES (62, 'BR10063', 4177, 'Delphia Hartmann', 'Welch', 'Apt. 450', 'Tyler Crossroad', '57784', null, '2017-04-26 15:07:49.380000', '2017-04-26 15:07:49.380000');
INSERT INTO order_shipping_addresses (id, cord_ref, region_id, name, address1, address2, city, zip, phone_number, created_at, updated_at) VALUES (63, 'BR10064', 4177, 'Nannie Nicolas', 'Bernier', 'Suite 405', 'Letitia Unions', '10594', '6817382690', '2017-04-26 15:07:49.426000', '2017-04-26 15:07:49.426000');
INSERT INTO order_shipping_addresses (id, cord_ref, region_id, name, address1, address2, city, zip, phone_number, created_at, updated_at) VALUES (64, 'BR10065', 4177, 'Nannie Nicolas', 'Bernier', 'Suite 405', 'Letitia Unions', '10594', '6817382690', '2017-04-26 15:07:49.463000', '2017-04-26 15:07:49.463000');
INSERT INTO order_shipping_addresses (id, cord_ref, region_id, name, address1, address2, city, zip, phone_number, created_at, updated_at) VALUES (65, 'BR10066', 4177, 'Nannie Nicolas', 'Bernier', 'Suite 405', 'Letitia Unions', '10594', '6817382690', '2017-04-26 15:07:49.488000', '2017-04-26 15:07:49.488000');
INSERT INTO order_shipping_addresses (id, cord_ref, region_id, name, address1, address2, city, zip, phone_number, created_at, updated_at) VALUES (66, 'BR10067', 4177, 'Verner Nitzsche', 'Zboncak', 'Apt. 013', 'Brendan Branch', '87481', '7676637013', '2017-04-26 15:07:49.522000', '2017-04-26 15:07:49.522000');
INSERT INTO order_shipping_addresses (id, cord_ref, region_id, name, address1, address2, city, zip, phone_number, created_at, updated_at) VALUES (67, 'BR10068', 4177, 'Verner Nitzsche', 'Zboncak', 'Apt. 013', 'Brendan Branch', '87481', '7676637013', '2017-04-26 15:07:49.545000', '2017-04-26 15:07:49.545000');

INSERT INTO addresses (account_id, region_id, name, address1, address2, city, zip, is_default_shipping, phone_number, created_at, updated_at, deleted_at) VALUES (5, 4177, 'Curt Cobain', '555 E Lake Union St.', null, 'Seattle', '12345', true, null, '2017-04-26 15:07:34.030471', '2017-04-26 15:07:34.030471', null);
INSERT INTO addresses (account_id, region_id, name, address1, address2, city, zip, is_default_shipping, phone_number, created_at, updated_at, deleted_at) VALUES (5, 4165, 'Freddie Mercury', '4749 Grove Avenue', null, 'Camp Hill', '17011', false, null, '2017-04-26 15:07:34.030471', '2017-04-26 15:07:34.030471', null);
INSERT INTO addresses (account_id, region_id, name, address1, address2, city, zip, is_default_shipping, phone_number, created_at, updated_at, deleted_at) VALUES (6, 4154, 'Mark Sandman', '3104 Canterbury Court', 'Morphine', 'Cornelius', '28031', false, '2025550113', '2017-04-26 15:07:34.030471', '2017-04-26 15:07:34.030471', null);
INSERT INTO addresses (account_id, region_id, name, address1, address2, city, zip, is_default_shipping, phone_number, created_at, updated_at, deleted_at) VALUES (6, 4162, 'Jim Morrison', '3345 Orchard Lane', null, 'Avon Lake', '44012', true, null, '2017-04-26 15:07:34.030471', '2017-04-26 15:07:34.030471', null);
INSERT INTO addresses (account_id, region_id, name, address1, address2, city, zip, is_default_shipping, phone_number, created_at, updated_at, deleted_at) VALUES (7, 545, 'Ozzy Osbourne', '4177 Crystal Downs', null, 'Goodnews Bay', 'B9P-4U0', true, '9024655753', '2017-04-26 15:07:34.030471', '2017-04-26 15:07:34.030471', null);
INSERT INTO addresses (account_id, region_id, name, address1, address2, city, zip, is_default_shipping, phone_number, created_at, updated_at, deleted_at) VALUES (7, 547, 'Stevie Wonder', '8321 Harvest Woods', null, 'Ptarmigan', 'X9M-9W6', false, '8671002677', '2017-04-26 15:07:34.030471', '2017-04-26 15:07:34.030471', null);
INSERT INTO addresses (account_id, region_id, name, address1, address2, city, zip, is_default_shipping, phone_number, created_at, updated_at, deleted_at) VALUES (8, 789, 'Amy Winehouse', 'Pn 151', null, 'Bystricka', '756 24', true, '578660629', '2017-04-26 15:07:34.030471', '2017-04-26 15:07:34.030471', null);
INSERT INTO addresses (account_id, region_id, name, address1, address2, city, zip, is_default_shipping, phone_number, created_at, updated_at, deleted_at) VALUES (9, 4177, 'Eleanora Kirlin', 'Renner', null, 'Amy Land', '37530', true, null, '2017-04-26 15:07:40.454517', '2017-04-26 15:07:40.454517', null);
INSERT INTO addresses (account_id, region_id, name, address1, address2, city, zip, is_default_shipping, phone_number, created_at, updated_at, deleted_at) VALUES (9, 4177, 'Eleanora Kirlin', 'Spencer', null, 'Keanu Lakes', '24034', false, '1090004281', '2017-04-26 15:07:40.454517', '2017-04-26 15:07:40.454517', null);
INSERT INTO addresses (account_id, region_id, name, address1, address2, city, zip, is_default_shipping, phone_number, created_at, updated_at, deleted_at) VALUES (10, 4177, 'Dr. Lindsay Schroeder', 'Schneider', 'Suite 998', 'Vernie Trace', '97035', true, null, '2017-04-26 15:07:40.454517', '2017-04-26 15:07:40.454517', null);
INSERT INTO addresses (account_id, region_id, name, address1, address2, city, zip, is_default_shipping, phone_number, created_at, updated_at, deleted_at) VALUES (10, 4177, 'Dr. Lindsay Schroeder', 'Hintz', null, 'Branson Loop', '56432', false, '1483202941', '2017-04-26 15:07:40.454517', '2017-04-26 15:07:40.454517', null);
INSERT INTO addresses (account_id, region_id, name, address1, address2, city, zip, is_default_shipping, phone_number, created_at, updated_at, deleted_at) VALUES (10, 4177, 'Dr. Lindsay Schroeder', 'Runte', 'Suite 599', 'Enid Common', '63506', false, null, '2017-04-26 15:07:40.454517', '2017-04-26 15:07:40.454517', null);
INSERT INTO addresses (account_id, region_id, name, address1, address2, city, zip, is_default_shipping, phone_number, created_at, updated_at, deleted_at) VALUES (11, 4177, 'Dr. Kennith Flatley', 'Bernier', 'Suite 886', 'D''angelo Mountains', '24045', true, null, '2017-04-26 15:07:40.454517', '2017-04-26 15:07:40.454517', null);
INSERT INTO addresses (account_id, region_id, name, address1, address2, city, zip, is_default_shipping, phone_number, created_at, updated_at, deleted_at) VALUES (11, 4177, 'Dr. Kennith Flatley', 'Upton', 'Suite 080', 'Kenya Hollow', '99987', false, null, '2017-04-26 15:07:40.454517', '2017-04-26 15:07:40.454517', null);
INSERT INTO addresses (account_id, region_id, name, address1, address2, city, zip, is_default_shipping, phone_number, created_at, updated_at, deleted_at) VALUES (11, 4177, 'Dr. Kennith Flatley', 'Gislason', 'Suite 730', 'Kassandra Bypass', '41387', false, '0602618123', '2017-04-26 15:07:40.454517', '2017-04-26 15:07:40.454517', null);
INSERT INTO addresses (account_id, region_id, name, address1, address2, city, zip, is_default_shipping, phone_number, created_at, updated_at, deleted_at) VALUES (12, 4177, 'Verner Nitzsche', 'Zboncak', 'Apt. 013', 'Brendan Branch', '87481', true, '7676637013', '2017-04-26 15:07:40.454517', '2017-04-26 15:07:40.454517', null);
INSERT INTO addresses (account_id, region_id, name, address1, address2, city, zip, is_default_shipping, phone_number, created_at, updated_at, deleted_at) VALUES (12, 4177, 'Verner Nitzsche', 'Daugherty', null, 'Mittie Ferry', '01059', false, '2256795986', '2017-04-26 15:07:40.454517', '2017-04-26 15:07:40.454517', null);
INSERT INTO addresses (account_id, region_id, name, address1, address2, city, zip, is_default_shipping, phone_number, created_at, updated_at, deleted_at) VALUES (12, 4177, 'Verner Nitzsche', 'Miller', 'Suite 542', 'Dax Vista', '48794', false, '7143668303', '2017-04-26 15:07:40.454517', '2017-04-26 15:07:40.454517', null);
INSERT INTO addresses (account_id, region_id, name, address1, address2, city, zip, is_default_shipping, phone_number, created_at, updated_at, deleted_at) VALUES (13, 4177, 'Mrs. Stephanie Bashirian', 'VonRueden', 'Apt. 362', 'Robin Terrace', '19920', true, '9076107987', '2017-04-26 15:07:40.454517', '2017-04-26 15:07:40.454517', null);
INSERT INTO addresses (account_id, region_id, name, address1, address2, city, zip, is_default_shipping, phone_number, created_at, updated_at, deleted_at) VALUES (13, 4177, 'Mrs. Stephanie Bashirian', 'Bode', null, 'Cornell Lake', '80111', false, '0176008184', '2017-04-26 15:07:40.454517', '2017-04-26 15:07:40.454517', null);
INSERT INTO addresses (account_id, region_id, name, address1, address2, city, zip, is_default_shipping, phone_number, created_at, updated_at, deleted_at) VALUES (13, 4177, 'Mrs. Stephanie Bashirian', 'Goyette', null, 'Kian Station', '41446', false, null, '2017-04-26 15:07:40.454517', '2017-04-26 15:07:40.454517', null);
INSERT INTO addresses (account_id, region_id, name, address1, address2, city, zip, is_default_shipping, phone_number, created_at, updated_at, deleted_at) VALUES (14, 4177, 'Roel Wolf', 'Cole', null, 'Daphne Mall', '01340', true, null, '2017-04-26 15:07:40.454517', '2017-04-26 15:07:40.454517', null);
INSERT INTO addresses (account_id, region_id, name, address1, address2, city, zip, is_default_shipping, phone_number, created_at, updated_at, deleted_at) VALUES (14, 4177, 'Roel Wolf', 'Predovic', 'Apt. 954', 'Aurelio Mountain', '69729', false, null, '2017-04-26 15:07:40.454517', '2017-04-26 15:07:40.454517', null);
INSERT INTO addresses (account_id, region_id, name, address1, address2, city, zip, is_default_shipping, phone_number, created_at, updated_at, deleted_at) VALUES (14, 4177, 'Roel Wolf', 'Jenkins', null, 'Freddy Falls', '07489', false, null, '2017-04-26 15:07:40.454517', '2017-04-26 15:07:40.454517', null);
INSERT INTO addresses (account_id, region_id, name, address1, address2, city, zip, is_default_shipping, phone_number, created_at, updated_at, deleted_at) VALUES (15, 4177, 'Brielle Tromp', 'Beer', null, 'Mathilde Courts', '37513', true, null, '2017-04-26 15:07:40.454517', '2017-04-26 15:07:40.454517', null);
INSERT INTO addresses (account_id, region_id, name, address1, address2, city, zip, is_default_shipping, phone_number, created_at, updated_at, deleted_at) VALUES (15, 4177, 'Brielle Tromp', 'Zulauf', 'Apt. 619', 'Providenci Mount', '31524', false, '0656943647', '2017-04-26 15:07:40.454517', '2017-04-26 15:07:40.454517', null);
INSERT INTO addresses (account_id, region_id, name, address1, address2, city, zip, is_default_shipping, phone_number, created_at, updated_at, deleted_at) VALUES (15, 4177, 'Brielle Tromp', 'Grady', 'Apt. 662', 'Eden Manor', '26801', false, '0303180798', '2017-04-26 15:07:40.454517', '2017-04-26 15:07:40.454517', null);
INSERT INTO addresses (account_id, region_id, name, address1, address2, city, zip, is_default_shipping, phone_number, created_at, updated_at, deleted_at) VALUES (16, 4177, 'Mrs. Dee Denesik', 'Maggio', null, 'Yazmin Cove', '02703', true, '3783224724', '2017-04-26 15:07:40.454517', '2017-04-26 15:07:40.454517', null);
INSERT INTO addresses (account_id, region_id, name, address1, address2, city, zip, is_default_shipping, phone_number, created_at, updated_at, deleted_at) VALUES (16, 4177, 'Mrs. Dee Denesik', 'Gleason', 'Apt. 143', 'Johnathan Canyon', '37687', false, null, '2017-04-26 15:07:40.454517', '2017-04-26 15:07:40.454517', null);
INSERT INTO addresses (account_id, region_id, name, address1, address2, city, zip, is_default_shipping, phone_number, created_at, updated_at, deleted_at) VALUES (17, 4177, 'Jennie Tromp Sr.', 'Quitzon', null, 'Nicholaus Forest', '78883', true, '2707310094', '2017-04-26 15:07:40.454517', '2017-04-26 15:07:40.454517', null);
INSERT INTO addresses (account_id, region_id, name, address1, address2, city, zip, is_default_shipping, phone_number, created_at, updated_at, deleted_at) VALUES (17, 4177, 'Jennie Tromp Sr.', 'Stracke', 'Apt. 231', 'Penelope Islands', '97311', false, '3217687341', '2017-04-26 15:07:40.454517', '2017-04-26 15:07:40.454517', null);
INSERT INTO addresses (account_id, region_id, name, address1, address2, city, zip, is_default_shipping, phone_number, created_at, updated_at, deleted_at) VALUES (18, 4177, 'Lenore Little', 'Parisian', 'Suite 037', 'Emil Harbor', '04418', true, null, '2017-04-26 15:07:40.454517', '2017-04-26 15:07:40.454517', null);
INSERT INTO addresses (account_id, region_id, name, address1, address2, city, zip, is_default_shipping, phone_number, created_at, updated_at, deleted_at) VALUES (18, 4177, 'Lenore Little', 'Schowalter', null, 'Aidan Land', '18699', false, '9775579869', '2017-04-26 15:07:40.454517', '2017-04-26 15:07:40.454517', null);
INSERT INTO addresses (account_id, region_id, name, address1, address2, city, zip, is_default_shipping, phone_number, created_at, updated_at, deleted_at) VALUES (19, 4177, 'Camron Lemke', 'Schmitt', 'Apt. 009', 'Fabian Village', '73161', true, null, '2017-04-26 15:07:40.454517', '2017-04-26 15:07:40.454517', null);
INSERT INTO addresses (account_id, region_id, name, address1, address2, city, zip, is_default_shipping, phone_number, created_at, updated_at, deleted_at) VALUES (19, 4177, 'Camron Lemke', 'Lueilwitz', null, 'Shannon Drive', '77690', false, '9547336095', '2017-04-26 15:07:40.454517', '2017-04-26 15:07:40.454517', null);
INSERT INTO addresses (account_id, region_id, name, address1, address2, city, zip, is_default_shipping, phone_number, created_at, updated_at, deleted_at) VALUES (20, 4177, 'Margret Connelly', 'Collins', null, 'Leilani Divide', '22223', true, '2726181087', '2017-04-26 15:07:40.454517', '2017-04-26 15:07:40.454517', null);
INSERT INTO addresses (account_id, region_id, name, address1, address2, city, zip, is_default_shipping, phone_number, created_at, updated_at, deleted_at) VALUES (20, 4177, 'Margret Connelly', 'Kemmer', null, 'Delphia River', '99448', false, null, '2017-04-26 15:07:40.454517', '2017-04-26 15:07:40.454517', null);
INSERT INTO addresses (account_id, region_id, name, address1, address2, city, zip, is_default_shipping, phone_number, created_at, updated_at, deleted_at) VALUES (20, 4177, 'Margret Connelly', 'Parisian', null, 'Ayla Valley', '01880', false, null, '2017-04-26 15:07:40.454517', '2017-04-26 15:07:40.454517', null);
INSERT INTO addresses (account_id, region_id, name, address1, address2, city, zip, is_default_shipping, phone_number, created_at, updated_at, deleted_at) VALUES (21, 4177, 'Julie Zboncak', 'Larson', 'Suite 633', 'Marlene Land', '24128', true, null, '2017-04-26 15:07:40.454517', '2017-04-26 15:07:40.454517', null);
INSERT INTO addresses (account_id, region_id, name, address1, address2, city, zip, is_default_shipping, phone_number, created_at, updated_at, deleted_at) VALUES (21, 4177, 'Julie Zboncak', 'Hoppe', null, 'Nona Trail', '11287', false, null, '2017-04-26 15:07:40.454517', '2017-04-26 15:07:40.454517', null);
INSERT INTO addresses (account_id, region_id, name, address1, address2, city, zip, is_default_shipping, phone_number, created_at, updated_at, deleted_at) VALUES (21, 4177, 'Julie Zboncak', 'Wunsch', 'Suite 265', 'Tom Camp', '16125', false, null, '2017-04-26 15:07:40.454517', '2017-04-26 15:07:40.454517', null);
INSERT INTO addresses (account_id, region_id, name, address1, address2, city, zip, is_default_shipping, phone_number, created_at, updated_at, deleted_at) VALUES (22, 4177, 'Allie Kuhn', 'Rempel', null, 'Otis Ports', '02457', true, '3609037897', '2017-04-26 15:07:40.454517', '2017-04-26 15:07:40.454517', null);
INSERT INTO addresses (account_id, region_id, name, address1, address2, city, zip, is_default_shipping, phone_number, created_at, updated_at, deleted_at) VALUES (22, 4177, 'Allie Kuhn', 'Hodkiewicz', null, 'Brayan Road', '67077', false, null, '2017-04-26 15:07:40.454517', '2017-04-26 15:07:40.454517', null);
INSERT INTO addresses (account_id, region_id, name, address1, address2, city, zip, is_default_shipping, phone_number, created_at, updated_at, deleted_at) VALUES (22, 4177, 'Allie Kuhn', 'Hermann', null, 'Orville Port', '77787', false, null, '2017-04-26 15:07:40.454517', '2017-04-26 15:07:40.454517', null);
INSERT INTO addresses (account_id, region_id, name, address1, address2, city, zip, is_default_shipping, phone_number, created_at, updated_at, deleted_at) VALUES (23, 4177, 'Dr. Beth Hane', 'Klocko', 'Suite 900', 'Gianni Ways', '56641', true, null, '2017-04-26 15:07:40.454517', '2017-04-26 15:07:40.454517', null);
INSERT INTO addresses (account_id, region_id, name, address1, address2, city, zip, is_default_shipping, phone_number, created_at, updated_at, deleted_at) VALUES (23, 4177, 'Dr. Beth Hane', 'Runte', null, 'Araceli Expressway', '82118', false, null, '2017-04-26 15:07:40.454517', '2017-04-26 15:07:40.454517', null);
INSERT INTO addresses (account_id, region_id, name, address1, address2, city, zip, is_default_shipping, phone_number, created_at, updated_at, deleted_at) VALUES (23, 4177, 'Dr. Beth Hane', 'Hegmann', null, 'Kristian Well', '93053', false, null, '2017-04-26 15:07:40.454517', '2017-04-26 15:07:40.454517', null);
INSERT INTO addresses (account_id, region_id, name, address1, address2, city, zip, is_default_shipping, phone_number, created_at, updated_at, deleted_at) VALUES (24, 4177, 'Velma Quitzon', 'Hirthe', 'Apt. 139', 'Magdalen Villages', '20254', true, null, '2017-04-26 15:07:40.454517', '2017-04-26 15:07:40.454517', null);
INSERT INTO addresses (account_id, region_id, name, address1, address2, city, zip, is_default_shipping, phone_number, created_at, updated_at, deleted_at) VALUES (24, 4177, 'Velma Quitzon', 'Koch', null, 'Carley Inlet', '54960', false, null, '2017-04-26 15:07:40.454517', '2017-04-26 15:07:40.454517', null);
INSERT INTO addresses (account_id, region_id, name, address1, address2, city, zip, is_default_shipping, phone_number, created_at, updated_at, deleted_at) VALUES (25, 4177, 'Ms. Layla Donnelly', 'Boyer', null, 'Monserrat Lodge', '53294', true, null, '2017-04-26 15:07:40.454517', '2017-04-26 15:07:40.454517', null);
INSERT INTO addresses (account_id, region_id, name, address1, address2, city, zip, is_default_shipping, phone_number, created_at, updated_at, deleted_at) VALUES (25, 4177, 'Ms. Layla Donnelly', 'Kub', null, 'Antwon Lake', '63271', false, '6538345475', '2017-04-26 15:07:40.454517', '2017-04-26 15:07:40.454517', null);
INSERT INTO addresses (account_id, region_id, name, address1, address2, city, zip, is_default_shipping, phone_number, created_at, updated_at, deleted_at) VALUES (25, 4177, 'Ms. Layla Donnelly', 'Crooks', null, 'Uriah Burg', '35179', false, null, '2017-04-26 15:07:40.454517', '2017-04-26 15:07:40.454517', null);
INSERT INTO addresses (account_id, region_id, name, address1, address2, city, zip, is_default_shipping, phone_number, created_at, updated_at, deleted_at) VALUES (26, 4177, 'Neil Beahan', 'Pfannerstill', 'Suite 366', 'Aracely Knolls', '69920', true, null, '2017-04-26 15:07:40.454517', '2017-04-26 15:07:40.454517', null);
INSERT INTO addresses (account_id, region_id, name, address1, address2, city, zip, is_default_shipping, phone_number, created_at, updated_at, deleted_at) VALUES (26, 4177, 'Neil Beahan', 'Braun', 'Apt. 678', 'Sabina Harbor', '04607', false, null, '2017-04-26 15:07:40.454517', '2017-04-26 15:07:40.454517', null);
INSERT INTO addresses (account_id, region_id, name, address1, address2, city, zip, is_default_shipping, phone_number, created_at, updated_at, deleted_at) VALUES (27, 4177, 'Antonina Ferry', 'Green', 'Suite 913', 'Monty Fort', '01056', true, '9687090889', '2017-04-26 15:07:40.454517', '2017-04-26 15:07:40.454517', null);
INSERT INTO addresses (account_id, region_id, name, address1, address2, city, zip, is_default_shipping, phone_number, created_at, updated_at, deleted_at) VALUES (27, 4177, 'Antonina Ferry', 'Jacobs', 'Suite 694', 'Beatrice Square', '03469', false, null, '2017-04-26 15:07:40.454517', '2017-04-26 15:07:40.454517', null);
INSERT INTO addresses (account_id, region_id, name, address1, address2, city, zip, is_default_shipping, phone_number, created_at, updated_at, deleted_at) VALUES (27, 4177, 'Antonina Ferry', 'Breitenberg', 'Apt. 893', 'Herbert Harbors', '88106', false, '8919600389', '2017-04-26 15:07:40.454517', '2017-04-26 15:07:40.454517', null);
INSERT INTO addresses (account_id, region_id, name, address1, address2, city, zip, is_default_shipping, phone_number, created_at, updated_at, deleted_at) VALUES (28, 4177, 'Dr. Carolina Mertz', 'Treutel', null, 'Alena Port', '74886', true, null, '2017-04-26 15:07:40.454517', '2017-04-26 15:07:40.454517', null);
INSERT INTO addresses (account_id, region_id, name, address1, address2, city, zip, is_default_shipping, phone_number, created_at, updated_at, deleted_at) VALUES (28, 4177, 'Dr. Carolina Mertz', 'Connelly', 'Suite 758', 'Junius Ridge', '67015', false, '7415489301', '2017-04-26 15:07:40.454517', '2017-04-26 15:07:40.454517', null);
INSERT INTO addresses (account_id, region_id, name, address1, address2, city, zip, is_default_shipping, phone_number, created_at, updated_at, deleted_at) VALUES (29, 4177, 'Mr. Jessika Aufderhar', 'Ferry', 'Apt. 647', 'Barton Fall', '25863', true, null, '2017-04-26 15:07:40.454517', '2017-04-26 15:07:40.454517', null);
INSERT INTO addresses (account_id, region_id, name, address1, address2, city, zip, is_default_shipping, phone_number, created_at, updated_at, deleted_at) VALUES (29, 4177, 'Mr. Jessika Aufderhar', 'Mann', 'Suite 840', 'Brennan Ridge', '34992', false, '6031436452', '2017-04-26 15:07:40.454517', '2017-04-26 15:07:40.454517', null);
INSERT INTO addresses (account_id, region_id, name, address1, address2, city, zip, is_default_shipping, phone_number, created_at, updated_at, deleted_at) VALUES (30, 4177, 'Dorothy Prohaska DVM', 'Mraz', null, 'Justice Ville', '46069', true, '8392434925', '2017-04-26 15:07:40.454517', '2017-04-26 15:07:40.454517', null);
INSERT INTO addresses (account_id, region_id, name, address1, address2, city, zip, is_default_shipping, phone_number, created_at, updated_at, deleted_at) VALUES (30, 4177, 'Dorothy Prohaska DVM', 'Fritsch', null, 'Camden Mission', '57343', false, '4525519358', '2017-04-26 15:07:40.454517', '2017-04-26 15:07:40.454517', null);
INSERT INTO addresses (account_id, region_id, name, address1, address2, city, zip, is_default_shipping, phone_number, created_at, updated_at, deleted_at) VALUES (30, 4177, 'Dorothy Prohaska DVM', 'Von', null, 'Miguel Parkways', '11905', false, null, '2017-04-26 15:07:40.454517', '2017-04-26 15:07:40.454517', null);
INSERT INTO addresses (account_id, region_id, name, address1, address2, city, zip, is_default_shipping, phone_number, created_at, updated_at, deleted_at) VALUES (31, 4177, 'Ms. Paris Schamberger', 'Cronin', 'Suite 244', 'Adrienne Plains', '09407', true, null, '2017-04-26 15:07:40.454517', '2017-04-26 15:07:40.454517', null);
INSERT INTO addresses (account_id, region_id, name, address1, address2, city, zip, is_default_shipping, phone_number, created_at, updated_at, deleted_at) VALUES (31, 4177, 'Ms. Paris Schamberger', 'Stoltenberg', 'Suite 599', 'Axel Plain', '10374', false, null, '2017-04-26 15:07:40.454517', '2017-04-26 15:07:40.454517', null);
INSERT INTO addresses (account_id, region_id, name, address1, address2, city, zip, is_default_shipping, phone_number, created_at, updated_at, deleted_at) VALUES (32, 4177, 'Amari Haley', 'Funk', 'Suite 945', 'Carleton Courts', '83598', true, '1418337243', '2017-04-26 15:07:40.454517', '2017-04-26 15:07:40.454517', null);
INSERT INTO addresses (account_id, region_id, name, address1, address2, city, zip, is_default_shipping, phone_number, created_at, updated_at, deleted_at) VALUES (32, 4177, 'Amari Haley', 'Effertz', null, 'Lenna Prairie', '06769', false, null, '2017-04-26 15:07:40.454517', '2017-04-26 15:07:40.454517', null);
INSERT INTO addresses (account_id, region_id, name, address1, address2, city, zip, is_default_shipping, phone_number, created_at, updated_at, deleted_at) VALUES (33, 4177, 'Jeanie Nitzsche', 'Hayes', null, 'Nora Street', '26953', true, null, '2017-04-26 15:07:40.454517', '2017-04-26 15:07:40.454517', null);
INSERT INTO addresses (account_id, region_id, name, address1, address2, city, zip, is_default_shipping, phone_number, created_at, updated_at, deleted_at) VALUES (33, 4177, 'Jeanie Nitzsche', 'Franecki', 'Apt. 172', 'Marshall Pass', '75932', false, '6252976357', '2017-04-26 15:07:40.454517', '2017-04-26 15:07:40.454517', null);
INSERT INTO addresses (account_id, region_id, name, address1, address2, city, zip, is_default_shipping, phone_number, created_at, updated_at, deleted_at) VALUES (33, 4177, 'Jeanie Nitzsche', 'Pfeffer', 'Suite 289', 'Greta Neck', '22477', false, '2207249526', '2017-04-26 15:07:40.454517', '2017-04-26 15:07:40.454517', null);
