DELETE FROM order_shipping_addresses cascade;
DELETE FROM addresses cascade;
DELETE FROM orders cascade;
DELETE FROM carts cascade;
DELETE FROM cords cascade;

INSERT INTO public.carts (id, reference_number, account_id, created_at, updated_at, currency, sub_total, shipping_total, adjustments_total, taxes_total, grand_total, scope) VALUES (7, 'BR10007', 63, '2017-05-25 16:59:28.947909', '2017-05-25 16:59:28.947909', 'USD', 1500, 0, 0, 0, 1500, '1.2'::ltree);
INSERT INTO public.carts (id, reference_number, account_id, created_at, updated_at, currency, sub_total, shipping_total, adjustments_total, taxes_total, grand_total, scope) VALUES (12, 'BR10012', 31, '2017-05-25 16:59:28.947909', '2017-05-25 16:59:28.947909', 'USD', 26300, 0, 0, 0, 26300, '1.2'::ltree);
INSERT INTO public.carts (id, reference_number, account_id, created_at, updated_at, currency, sub_total, shipping_total, adjustments_total, taxes_total, grand_total, scope) VALUES (16, 'BR10016', 101, '2017-05-25 16:59:28.947909', '2017-05-25 16:59:28.947909', 'USD', 1500, 0, 0, 0, 1500, '1.2'::ltree);
INSERT INTO public.carts (id, reference_number, account_id, created_at, updated_at, currency, sub_total, shipping_total, adjustments_total, taxes_total, grand_total, scope) VALUES (19, 'BR10019', 73, '2017-05-25 16:59:28.947909', '2017-05-25 16:59:28.947909', 'USD', 15300, 0, 0, 0, 15300, '1.2'::ltree);
INSERT INTO public.carts (id, reference_number, account_id, created_at, updated_at, currency, sub_total, shipping_total, adjustments_total, taxes_total, grand_total, scope) VALUES (23, 'BR10023', 44, '2017-05-25 16:59:28.947909', '2017-05-25 16:59:28.947909', 'USD', 8800, 0, 0, 0, 8800, '1.2'::ltree);

INSERT INTO public.cords (reference_number, is_cart) VALUES ('BR10001', false);
INSERT INTO public.cords (reference_number, is_cart) VALUES ('BR10002', false);
INSERT INTO public.cords (reference_number, is_cart) VALUES ('BR10003', false);
INSERT INTO public.cords (reference_number, is_cart) VALUES ('BR10004', false);
INSERT INTO public.cords (reference_number, is_cart) VALUES ('BR10005', false);
INSERT INTO public.cords (reference_number, is_cart) VALUES ('BR10006', false);
INSERT INTO public.cords (reference_number, is_cart) VALUES ('BR10008', false);
INSERT INTO public.cords (reference_number, is_cart) VALUES ('BR10009', false);
INSERT INTO public.cords (reference_number, is_cart) VALUES ('BR10010', false);
INSERT INTO public.cords (reference_number, is_cart) VALUES ('BR10011', false);
INSERT INTO public.cords (reference_number, is_cart) VALUES ('BR10013', false);
INSERT INTO public.cords (reference_number, is_cart) VALUES ('BR10014', false);
INSERT INTO public.cords (reference_number, is_cart) VALUES ('BR10015', false);
INSERT INTO public.cords (reference_number, is_cart) VALUES ('BR10017', false);
INSERT INTO public.cords (reference_number, is_cart) VALUES ('BR10018', false);
INSERT INTO public.cords (reference_number, is_cart) VALUES ('BR10020', false);
INSERT INTO public.cords (reference_number, is_cart) VALUES ('BR10021', false);
INSERT INTO public.cords (reference_number, is_cart) VALUES ('BR10022', false);
INSERT INTO public.cords (reference_number, is_cart) VALUES ('BR10024', false);
INSERT INTO public.cords (reference_number, is_cart) VALUES ('BR10025', false);

INSERT INTO public.orders (id, reference_number, account_id, context_id, state, placed_at, updated_at, remorse_period_end, currency, sub_total, shipping_total, adjustments_total, taxes_total, grand_total, fraud_score, scope) VALUES (1, 'BR10001', 45, 1, 'manualHold', '2017-05-25 16:59:35.531000', '2017-05-25 16:59:28.947909', null, 'USD', 0, 0, 0, 0, 0, 0, '1.2'::ltree);
INSERT INTO public.orders (id, reference_number, account_id, context_id, state, placed_at, updated_at, remorse_period_end, currency, sub_total, shipping_total, adjustments_total, taxes_total, grand_total, fraud_score, scope) VALUES (2, 'BR10002', 105, 1, 'manualHold', '2017-05-25 16:59:35.666000', '2017-05-25 16:59:28.947909', null, 'USD', 0, 0, 0, 0, 0, 0, '1.2'::ltree);
INSERT INTO public.orders (id, reference_number, account_id, context_id, state, placed_at, updated_at, remorse_period_end, currency, sub_total, shipping_total, adjustments_total, taxes_total, grand_total, fraud_score, scope) VALUES (3, 'BR10003', 57, 1, 'manualHold', '2017-05-25 16:59:35.724000', '2017-05-25 16:59:28.947909', null, 'USD', 0, 0, 0, 0, 0, 0, '1.2'::ltree);
INSERT INTO public.orders (id, reference_number, account_id, context_id, state, placed_at, updated_at, remorse_period_end, currency, sub_total, shipping_total, adjustments_total, taxes_total, grand_total, fraud_score, scope) VALUES (4, 'BR10004', 63, 1, 'fulfillmentStarted', '2017-05-24 16:59:29.016000', '2017-05-25 16:59:28.947909', null, 'USD', 12100, 1500, 0, 680, 14280, 0, '1.2'::ltree);
INSERT INTO public.orders (id, reference_number, account_id, context_id, state, placed_at, updated_at, remorse_period_end, currency, sub_total, shipping_total, adjustments_total, taxes_total, grand_total, fraud_score, scope) VALUES (5, 'BR10005', 63, 1, 'manualHold', '2017-05-24 16:59:29.016000', '2017-05-25 16:59:28.947909', null, 'USD', 18600, 3000, 0, 1080, 22680, 0, '1.2'::ltree);
INSERT INTO public.orders (id, reference_number, account_id, context_id, state, placed_at, updated_at, remorse_period_end, currency, sub_total, shipping_total, adjustments_total, taxes_total, grand_total, fraud_score, scope) VALUES (6, 'BR10006', 63, 1, 'fraudHold', '2017-05-24 16:59:29.016000', '2017-05-25 16:59:28.947909', null, 'USD', 37500, 1500, 0, 1950, 40950, 0, '1.2'::ltree);
INSERT INTO public.orders (id, reference_number, account_id, context_id, state, placed_at, updated_at, remorse_period_end, currency, sub_total, shipping_total, adjustments_total, taxes_total, grand_total, fraud_score, scope) VALUES (8, 'BR10008', 31, 1, 'manualHold', '2017-05-24 16:59:29.016000', '2017-05-25 16:59:28.947909', null, 'USD', 10000, 300, 0, 515, 10815, 0, '1.2'::ltree);
INSERT INTO public.orders (id, reference_number, account_id, context_id, state, placed_at, updated_at, remorse_period_end, currency, sub_total, shipping_total, adjustments_total, taxes_total, grand_total, fraud_score, scope) VALUES (9, 'BR10009', 31, 1, 'manualHold', '2017-05-24 16:59:29.016000', '2017-05-25 16:59:28.947909', null, 'USD', 18000, 1500, 0, 975, 20475, 0, '1.2'::ltree);
INSERT INTO public.orders (id, reference_number, account_id, context_id, state, placed_at, updated_at, remorse_period_end, currency, sub_total, shipping_total, adjustments_total, taxes_total, grand_total, fraud_score, scope) VALUES (10, 'BR10010', 31, 1, 'shipped', '2017-05-24 16:59:29.016000', '2017-05-25 16:59:28.947909', null, 'USD', 9200, 300, 0, 475, 9975, 0, '1.2'::ltree);
INSERT INTO public.orders (id, reference_number, account_id, context_id, state, placed_at, updated_at, remorse_period_end, currency, sub_total, shipping_total, adjustments_total, taxes_total, grand_total, fraud_score, scope) VALUES (11, 'BR10011', 31, 1, 'shipped', '2017-05-24 16:59:29.016000', '2017-05-25 16:59:28.947909', null, 'USD', 1500, 0, 0, 75, 1575, 0, '1.2'::ltree);
INSERT INTO public.orders (id, reference_number, account_id, context_id, state, placed_at, updated_at, remorse_period_end, currency, sub_total, shipping_total, adjustments_total, taxes_total, grand_total, fraud_score, scope) VALUES (13, 'BR10013', 101, 1, 'fraudHold', '2017-05-24 16:59:29.016000', '2017-05-25 16:59:28.947909', null, 'USD', 23100, 300, 0, 1170, 24570, 0, '1.2'::ltree);
INSERT INTO public.orders (id, reference_number, account_id, context_id, state, placed_at, updated_at, remorse_period_end, currency, sub_total, shipping_total, adjustments_total, taxes_total, grand_total, fraud_score, scope) VALUES (14, 'BR10014', 101, 1, 'shipped', '2017-05-24 16:59:29.016000', '2017-05-25 16:59:28.947909', null, 'USD', 7700, 1500, 0, 460, 9660, 0, '1.2'::ltree);
INSERT INTO public.orders (id, reference_number, account_id, context_id, state, placed_at, updated_at, remorse_period_end, currency, sub_total, shipping_total, adjustments_total, taxes_total, grand_total, fraud_score, scope) VALUES (15, 'BR10015', 101, 1, 'shipped', '2017-05-24 16:59:29.016000', '2017-05-25 16:59:28.947909', null, 'USD', 3300, 0, 0, 165, 3465, 0, '1.2'::ltree);
INSERT INTO public.orders (id, reference_number, account_id, context_id, state, placed_at, updated_at, remorse_period_end, currency, sub_total, shipping_total, adjustments_total, taxes_total, grand_total, fraud_score, scope) VALUES (17, 'BR10017', 73, 1, 'fraudHold', '2017-05-24 16:59:29.016000', '2017-05-25 16:59:28.947909', null, 'USD', 21000, 300, 0, 1065, 22365, 0, '1.2'::ltree);
INSERT INTO public.orders (id, reference_number, account_id, context_id, state, placed_at, updated_at, remorse_period_end, currency, sub_total, shipping_total, adjustments_total, taxes_total, grand_total, fraud_score, scope) VALUES (18, 'BR10018', 73, 1, 'manualHold', '2017-05-24 16:59:29.016000', '2017-05-25 16:59:28.947909', null, 'USD', 30100, 3000, 0, 1655, 34755, 0, '1.2'::ltree);
INSERT INTO public.orders (id, reference_number, account_id, context_id, state, placed_at, updated_at, remorse_period_end, currency, sub_total, shipping_total, adjustments_total, taxes_total, grand_total, fraud_score, scope) VALUES (20, 'BR10020', 44, 1, 'fraudHold', '2017-05-24 16:59:29.016000', '2017-05-25 16:59:28.947909', null, 'USD', 27800, 1500, 0, 1465, 30765, 0, '1.2'::ltree);
INSERT INTO public.orders (id, reference_number, account_id, context_id, state, placed_at, updated_at, remorse_period_end, currency, sub_total, shipping_total, adjustments_total, taxes_total, grand_total, fraud_score, scope) VALUES (21, 'BR10021', 44, 1, 'shipped', '2017-05-24 16:59:29.016000', '2017-05-25 16:59:28.947909', null, 'USD', 10300, 1500, 0, 590, 12390, 0, '1.2'::ltree);
INSERT INTO public.orders (id, reference_number, account_id, context_id, state, placed_at, updated_at, remorse_period_end, currency, sub_total, shipping_total, adjustments_total, taxes_total, grand_total, fraud_score, scope) VALUES (22, 'BR10022', 44, 1, 'fraudHold', '2017-05-24 16:59:29.016000', '2017-05-25 16:59:28.947909', null, 'USD', 4500, 3000, 0, 375, 7875, 0, '1.2'::ltree);
INSERT INTO public.orders (id, reference_number, account_id, context_id, state, placed_at, updated_at, remorse_period_end, currency, sub_total, shipping_total, adjustments_total, taxes_total, grand_total, fraud_score, scope) VALUES (24, 'BR10024', 33, 1, 'fulfillmentStarted', '2017-05-24 16:59:29.016000', '2017-05-25 16:59:28.947909', null, 'USD', 12100, 300, 0, 620, 13020, 0, '1.2'::ltree);
INSERT INTO public.orders (id, reference_number, account_id, context_id, state, placed_at, updated_at, remorse_period_end, currency, sub_total, shipping_total, adjustments_total, taxes_total, grand_total, fraud_score, scope) VALUES (25, 'BR10025', 33, 1, 'fulfillmentStarted', '2017-05-24 16:59:29.016000', '2017-05-25 16:59:28.947909', null, 'USD', 9200, 3000, 0, 610, 12810, 0, '1.2'::ltree);

INSERT INTO public.order_shipping_addresses (id, cord_ref, region_id, name, address1, address2, city, zip, phone_number, created_at, updated_at) VALUES (1, 'BR10004', 4177, 'Mrs. Kirk Anderson', 'Daugherty', null, 'Ashlynn Drive', '11977', null, '2017-05-25 16:59:36.902000', '2017-05-25 16:59:36.902000');
INSERT INTO public.order_shipping_addresses (id, cord_ref, region_id, name, address1, address2, city, zip, phone_number, created_at, updated_at) VALUES (2, 'BR10005', 4177, 'Mrs. Kirk Anderson', 'Daugherty', null, 'Ashlynn Drive', '11977', null, '2017-05-25 16:59:37.913000', '2017-05-25 16:59:37.913000');
INSERT INTO public.order_shipping_addresses (id, cord_ref, region_id, name, address1, address2, city, zip, phone_number, created_at, updated_at) VALUES (3, 'BR10006', 4177, 'Mrs. Kirk Anderson', 'Daugherty', null, 'Ashlynn Drive', '11977', null, '2017-05-25 16:59:38.044000', '2017-05-25 16:59:38.044000');
INSERT INTO public.order_shipping_addresses (id, cord_ref, region_id, name, address1, address2, city, zip, phone_number, created_at, updated_at) VALUES (4, 'BR10007', 4177, 'Mrs. Kirk Anderson', 'Daugherty', null, 'Ashlynn Drive', '11977', null, '2017-05-25 16:59:38.145000', '2017-05-25 16:59:38.145000');
INSERT INTO public.order_shipping_addresses (id, cord_ref, region_id, name, address1, address2, city, zip, phone_number, created_at, updated_at) VALUES (5, 'BR10008', 4177, 'Kelsi Treutel', 'Rippin', 'Suite 077', 'Domenick Valleys', '60693', '8567756969', '2017-05-25 16:59:38.344000', '2017-05-25 16:59:38.344000');
INSERT INTO public.order_shipping_addresses (id, cord_ref, region_id, name, address1, address2, city, zip, phone_number, created_at, updated_at) VALUES (6, 'BR10009', 4177, 'Kelsi Treutel', 'Rippin', 'Suite 077', 'Domenick Valleys', '60693', '8567756969', '2017-05-25 16:59:38.482000', '2017-05-25 16:59:38.482000');
INSERT INTO public.order_shipping_addresses (id, cord_ref, region_id, name, address1, address2, city, zip, phone_number, created_at, updated_at) VALUES (7, 'BR10010', 4177, 'Kelsi Treutel', 'Rippin', 'Suite 077', 'Domenick Valleys', '60693', '8567756969', '2017-05-25 16:59:38.725000', '2017-05-25 16:59:38.725000');
INSERT INTO public.order_shipping_addresses (id, cord_ref, region_id, name, address1, address2, city, zip, phone_number, created_at, updated_at) VALUES (8, 'BR10011', 4177, 'Kelsi Treutel', 'Rippin', 'Suite 077', 'Domenick Valleys', '60693', '8567756969', '2017-05-25 16:59:38.908000', '2017-05-25 16:59:38.908000');
INSERT INTO public.order_shipping_addresses (id, cord_ref, region_id, name, address1, address2, city, zip, phone_number, created_at, updated_at) VALUES (9, 'BR10012', 4177, 'Kelsi Treutel', 'Rippin', 'Suite 077', 'Domenick Valleys', '60693', '8567756969', '2017-05-25 16:59:38.978000', '2017-05-25 16:59:38.978000');
INSERT INTO public.order_shipping_addresses (id, cord_ref, region_id, name, address1, address2, city, zip, phone_number, created_at, updated_at) VALUES (10, 'BR10013', 4177, 'Misael Johnston I', 'Schowalter', null, 'Delmer Field', '61561', null, '2017-05-25 16:59:39.090000', '2017-05-25 16:59:39.090000');
INSERT INTO public.order_shipping_addresses (id, cord_ref, region_id, name, address1, address2, city, zip, phone_number, created_at, updated_at) VALUES (11, 'BR10014', 4177, 'Misael Johnston I', 'Schowalter', null, 'Delmer Field', '61561', null, '2017-05-25 16:59:39.194000', '2017-05-25 16:59:39.194000');
INSERT INTO public.order_shipping_addresses (id, cord_ref, region_id, name, address1, address2, city, zip, phone_number, created_at, updated_at) VALUES (12, 'BR10015', 4177, 'Misael Johnston I', 'Schowalter', null, 'Delmer Field', '61561', null, '2017-05-25 16:59:39.347000', '2017-05-25 16:59:39.347000');
INSERT INTO public.order_shipping_addresses (id, cord_ref, region_id, name, address1, address2, city, zip, phone_number, created_at, updated_at) VALUES (13, 'BR10016', 4177, 'Misael Johnston I', 'Schowalter', null, 'Delmer Field', '61561', null, '2017-05-25 16:59:39.437000', '2017-05-25 16:59:39.437000');
INSERT INTO public.order_shipping_addresses (id, cord_ref, region_id, name, address1, address2, city, zip, phone_number, created_at, updated_at) VALUES (14, 'BR10017', 4177, 'Chyna Moen', 'Halvorson', null, 'Luciano Path', '99126', null, '2017-05-25 16:59:39.522000', '2017-05-25 16:59:39.522000');
INSERT INTO public.order_shipping_addresses (id, cord_ref, region_id, name, address1, address2, city, zip, phone_number, created_at, updated_at) VALUES (15, 'BR10018', 4177, 'Chyna Moen', 'Halvorson', null, 'Luciano Path', '99126', null, '2017-05-25 16:59:39.723000', '2017-05-25 16:59:39.723000');
INSERT INTO public.order_shipping_addresses (id, cord_ref, region_id, name, address1, address2, city, zip, phone_number, created_at, updated_at) VALUES (16, 'BR10019', 4177, 'Chyna Moen', 'Halvorson', null, 'Luciano Path', '99126', null, '2017-05-25 16:59:39.795000', '2017-05-25 16:59:39.795000');
INSERT INTO public.order_shipping_addresses (id, cord_ref, region_id, name, address1, address2, city, zip, phone_number, created_at, updated_at) VALUES (17, 'BR10020', 4177, 'Jordon Swaniawski', 'Cummerata', 'Suite 877', 'Georgiana Dam', '87967', null, '2017-05-25 16:59:39.881000', '2017-05-25 16:59:39.881000');
INSERT INTO public.order_shipping_addresses (id, cord_ref, region_id, name, address1, address2, city, zip, phone_number, created_at, updated_at) VALUES (18, 'BR10021', 4177, 'Jordon Swaniawski', 'Cummerata', 'Suite 877', 'Georgiana Dam', '87967', null, '2017-05-25 16:59:40.005000', '2017-05-25 16:59:40.005000');
INSERT INTO public.order_shipping_addresses (id, cord_ref, region_id, name, address1, address2, city, zip, phone_number, created_at, updated_at) VALUES (19, 'BR10022', 4177, 'Jordon Swaniawski', 'Cummerata', 'Suite 877', 'Georgiana Dam', '87967', null, '2017-05-25 16:59:40.116000', '2017-05-25 16:59:40.116000');
INSERT INTO public.order_shipping_addresses (id, cord_ref, region_id, name, address1, address2, city, zip, phone_number, created_at, updated_at) VALUES (20, 'BR10023', 4177, 'Jordon Swaniawski', 'Cummerata', 'Suite 877', 'Georgiana Dam', '87967', null, '2017-05-25 16:59:40.165000', '2017-05-25 16:59:40.165000');
INSERT INTO public.order_shipping_addresses (id, cord_ref, region_id, name, address1, address2, city, zip, phone_number, created_at, updated_at) VALUES (21, 'BR10024', 4177, 'Coleman Ryan', 'Schneider', null, 'Regan Lodge', '79852', '4907092010', '2017-05-25 16:59:40.261000', '2017-05-25 16:59:40.261000');
INSERT INTO public.order_shipping_addresses (id, cord_ref, region_id, name, address1, address2, city, zip, phone_number, created_at, updated_at) VALUES (22, 'BR10025', 4177, 'Coleman Ryan', 'Schneider', null, 'Regan Lodge', '79852', '4907092010', '2017-05-25 16:59:40.355000', '2017-05-25 16:59:40.355000');

INSERT INTO public.addresses (id, account_id, region_id, name, address1, address2, city, zip, is_default_shipping, phone_number, created_at, updated_at, deleted_at) VALUES (37, 20, 4177, 'Erna Haley', 'Block', null, 'Lonzo Grove', '96219', true, null, '2017-05-25 16:59:28.947909', '2017-05-25 16:59:28.947909', null);
INSERT INTO public.addresses (id, account_id, region_id, name, address1, address2, city, zip, is_default_shipping, phone_number, created_at, updated_at, deleted_at) VALUES (38, 20, 4177, 'Erna Haley', 'Nitzsche', 'Apt. 154', 'Franz Mountains', '63609', false, null, '2017-05-25 16:59:28.947909', '2017-05-25 16:59:28.947909', null);
INSERT INTO public.addresses (id, account_id, region_id, name, address1, address2, city, zip, is_default_shipping, phone_number, created_at, updated_at, deleted_at) VALUES (39, 20, 4177, 'Erna Haley', 'Hermann', 'Apt. 818', 'Christop Glen', '14527', false, null, '2017-05-25 16:59:28.947909', '2017-05-25 16:59:28.947909', null);
INSERT INTO public.addresses (id, account_id, region_id, name, address1, address2, city, zip, is_default_shipping, phone_number, created_at, updated_at, deleted_at) VALUES (40, 21, 4177, 'Miss Pearlie Yost', 'Parisian', null, 'Jamir Via', '27098', true, null, '2017-05-25 16:59:28.947909', '2017-05-25 16:59:28.947909', null);
INSERT INTO public.addresses (id, account_id, region_id, name, address1, address2, city, zip, is_default_shipping, phone_number, created_at, updated_at, deleted_at) VALUES (41, 21, 4177, 'Miss Pearlie Yost', 'Reilly', 'Apt. 925', 'Addison Springs', '71998', false, '8414189544', '2017-05-25 16:59:28.947909', '2017-05-25 16:59:28.947909', null);
INSERT INTO public.addresses (id, account_id, region_id, name, address1, address2, city, zip, is_default_shipping, phone_number, created_at, updated_at, deleted_at) VALUES (42, 21, 4177, 'Miss Pearlie Yost', 'Altenwerth', null, 'Vickie Junction', '22573', false, '2314598816', '2017-05-25 16:59:28.947909', '2017-05-25 16:59:28.947909', null);
INSERT INTO public.addresses (id, account_id, region_id, name, address1, address2, city, zip, is_default_shipping, phone_number, created_at, updated_at, deleted_at) VALUES (43, 22, 4177, 'Rosalia Quitzon', 'Mitchell', 'Suite 828', 'Eloy Mountains', '11840', true, null, '2017-05-25 16:59:28.947909', '2017-05-25 16:59:28.947909', null);
INSERT INTO public.addresses (id, account_id, region_id, name, address1, address2, city, zip, is_default_shipping, phone_number, created_at, updated_at, deleted_at) VALUES (44, 22, 4177, 'Rosalia Quitzon', 'Gottlieb', null, 'Janelle Gardens', '35230', false, null, '2017-05-25 16:59:28.947909', '2017-05-25 16:59:28.947909', null);
INSERT INTO public.addresses (id, account_id, region_id, name, address1, address2, city, zip, is_default_shipping, phone_number, created_at, updated_at, deleted_at) VALUES (45, 22, 4177, 'Rosalia Quitzon', 'Daniel', 'Apt. 466', 'Davion Skyway', '20563', false, null, '2017-05-25 16:59:28.947909', '2017-05-25 16:59:28.947909', null);
INSERT INTO public.addresses (id, account_id, region_id, name, address1, address2, city, zip, is_default_shipping, phone_number, created_at, updated_at, deleted_at) VALUES (46, 23, 4177, 'Carlee Schinner', 'Schamberger', 'Apt. 913', 'Collin Brook', '66760', true, '9720956825', '2017-05-25 16:59:28.947909', '2017-05-25 16:59:28.947909', null);
INSERT INTO public.addresses (id, account_id, region_id, name, address1, address2, city, zip, is_default_shipping, phone_number, created_at, updated_at, deleted_at) VALUES (47, 23, 4177, 'Carlee Schinner', 'Kiehn', null, 'Antonio Dale', '64435', false, null, '2017-05-25 16:59:28.947909', '2017-05-25 16:59:28.947909', null);
INSERT INTO public.addresses (id, account_id, region_id, name, address1, address2, city, zip, is_default_shipping, phone_number, created_at, updated_at, deleted_at) VALUES (48, 23, 4177, 'Carlee Schinner', 'Crist', null, 'Tevin Landing', '05113', false, null, '2017-05-25 16:59:28.947909', '2017-05-25 16:59:28.947909', null);
INSERT INTO public.addresses (id, account_id, region_id, name, address1, address2, city, zip, is_default_shipping, phone_number, created_at, updated_at, deleted_at) VALUES (49, 24, 4177, 'Sincere Auer', 'Larson', 'Suite 431', 'Yolanda Prairie', '89625', true, '4556374426', '2017-05-25 16:59:28.947909', '2017-05-25 16:59:28.947909', null);
INSERT INTO public.addresses (id, account_id, region_id, name, address1, address2, city, zip, is_default_shipping, phone_number, created_at, updated_at, deleted_at) VALUES (50, 24, 4177, 'Sincere Auer', 'Quitzon', 'Suite 899', 'Weston Dale', '30456', false, null, '2017-05-25 16:59:28.947909', '2017-05-25 16:59:28.947909', null);
INSERT INTO public.addresses (id, account_id, region_id, name, address1, address2, city, zip, is_default_shipping, phone_number, created_at, updated_at, deleted_at) VALUES (51, 25, 4177, 'Jada Stehr', 'Heidenreich', null, 'Jacques Ramp', '20091', true, '3602310013', '2017-05-25 16:59:28.947909', '2017-05-25 16:59:28.947909', null);
INSERT INTO public.addresses (id, account_id, region_id, name, address1, address2, city, zip, is_default_shipping, phone_number, created_at, updated_at, deleted_at) VALUES (52, 25, 4177, 'Jada Stehr', 'Adams', 'Suite 013', 'Gabriel Stravenue', '93924', false, null, '2017-05-25 16:59:28.947909', '2017-05-25 16:59:28.947909', null);
INSERT INTO public.addresses (id, account_id, region_id, name, address1, address2, city, zip, is_default_shipping, phone_number, created_at, updated_at, deleted_at) VALUES (53, 25, 4177, 'Jada Stehr', 'Kris', 'Suite 602', 'Brionna Light', '99923', false, null, '2017-05-25 16:59:28.947909', '2017-05-25 16:59:28.947909', null);
INSERT INTO public.addresses (id, account_id, region_id, name, address1, address2, city, zip, is_default_shipping, phone_number, created_at, updated_at, deleted_at) VALUES (54, 26, 4177, 'Jerel Ratke', 'Auer', 'Suite 573', 'Johanna Point', '46187', true, '6182703027', '2017-05-25 16:59:28.947909', '2017-05-25 16:59:28.947909', null);
INSERT INTO public.addresses (id, account_id, region_id, name, address1, address2, city, zip, is_default_shipping, phone_number, created_at, updated_at, deleted_at) VALUES (55, 26, 4177, 'Jerel Ratke', 'D''Amore', 'Suite 740', 'Moriah Field', '91972', false, null, '2017-05-25 16:59:28.947909', '2017-05-25 16:59:28.947909', null);
INSERT INTO public.addresses (id, account_id, region_id, name, address1, address2, city, zip, is_default_shipping, phone_number, created_at, updated_at, deleted_at) VALUES (56, 27, 4177, 'Ms. Mozelle Yost', 'Batz', 'Apt. 988', 'Alanis Shoal', '81050', true, null, '2017-05-25 16:59:28.947909', '2017-05-25 16:59:28.947909', null);
INSERT INTO public.addresses (id, account_id, region_id, name, address1, address2, city, zip, is_default_shipping, phone_number, created_at, updated_at, deleted_at) VALUES (57, 27, 4177, 'Ms. Mozelle Yost', 'Conroy', null, 'Davion Lakes', '75838', false, '7658648765', '2017-05-25 16:59:28.947909', '2017-05-25 16:59:28.947909', null);
INSERT INTO public.addresses (id, account_id, region_id, name, address1, address2, city, zip, is_default_shipping, phone_number, created_at, updated_at, deleted_at) VALUES (58, 28, 4177, 'Gregorio Thompson IV', 'Kunze', 'Suite 300', 'Holly Grove', '83899', true, null, '2017-05-25 16:59:28.947909', '2017-05-25 16:59:28.947909', null);
INSERT INTO public.addresses (id, account_id, region_id, name, address1, address2, city, zip, is_default_shipping, phone_number, created_at, updated_at, deleted_at) VALUES (59, 28, 4177, 'Gregorio Thompson IV', 'Konopelski', 'Suite 340', 'Crystel Dale', '46824', false, null, '2017-05-25 16:59:28.947909', '2017-05-25 16:59:28.947909', null);
INSERT INTO public.addresses (id, account_id, region_id, name, address1, address2, city, zip, is_default_shipping, phone_number, created_at, updated_at, deleted_at) VALUES (60, 28, 4177, 'Gregorio Thompson IV', 'Kunde', null, 'Marcia Views', '18326', false, '9803140046', '2017-05-25 16:59:28.947909', '2017-05-25 16:59:28.947909', null);
INSERT INTO public.addresses (id, account_id, region_id, name, address1, address2, city, zip, is_default_shipping, phone_number, created_at, updated_at, deleted_at) VALUES (61, 29, 4177, 'Cortney VonRueden', 'Murray', null, 'Jammie Stravenue', '86033', true, null, '2017-05-25 16:59:28.947909', '2017-05-25 16:59:28.947909', null);
INSERT INTO public.addresses (id, account_id, region_id, name, address1, address2, city, zip, is_default_shipping, phone_number, created_at, updated_at, deleted_at) VALUES (62, 29, 4177, 'Cortney VonRueden', 'Fay', null, 'Kathleen Groves', '41566', false, '5932155100', '2017-05-25 16:59:28.947909', '2017-05-25 16:59:28.947909', null);
INSERT INTO public.addresses (id, account_id, region_id, name, address1, address2, city, zip, is_default_shipping, phone_number, created_at, updated_at, deleted_at) VALUES (63, 30, 4177, 'Helena Rempel II', 'Gaylord', 'Suite 398', 'Angeline Lake', '32708', true, null, '2017-05-25 16:59:28.947909', '2017-05-25 16:59:28.947909', null);
INSERT INTO public.addresses (id, account_id, region_id, name, address1, address2, city, zip, is_default_shipping, phone_number, created_at, updated_at, deleted_at) VALUES (64, 30, 4177, 'Helena Rempel II', 'Gottlieb', null, 'Walton Common', '15165', false, null, '2017-05-25 16:59:28.947909', '2017-05-25 16:59:28.947909', null);
INSERT INTO public.addresses (id, account_id, region_id, name, address1, address2, city, zip, is_default_shipping, phone_number, created_at, updated_at, deleted_at) VALUES (65, 30, 4177, 'Helena Rempel II', 'Moen', 'Apt. 161', 'Alec Street', '83668', false, '4936866274', '2017-05-25 16:59:28.947909', '2017-05-25 16:59:28.947909', null);
INSERT INTO public.addresses (id, account_id, region_id, name, address1, address2, city, zip, is_default_shipping, phone_number, created_at, updated_at, deleted_at) VALUES (66, 31, 4177, 'Kelsi Treutel', 'Rippin', 'Suite 077', 'Domenick Valleys', '60693', true, '8567756969', '2017-05-25 16:59:28.947909', '2017-05-25 16:59:28.947909', null);
INSERT INTO public.addresses (id, account_id, region_id, name, address1, address2, city, zip, is_default_shipping, phone_number, created_at, updated_at, deleted_at) VALUES (67, 31, 4177, 'Kelsi Treutel', 'Paucek', null, 'Gladyce Drive', '33485', false, '5826888708', '2017-05-25 16:59:28.947909', '2017-05-25 16:59:28.947909', null);
INSERT INTO public.addresses (id, account_id, region_id, name, address1, address2, city, zip, is_default_shipping, phone_number, created_at, updated_at, deleted_at) VALUES (68, 32, 4177, 'Ezequiel Wintheiser', 'Spinka', null, 'Ally Loaf', '03585', true, '8986148892', '2017-05-25 16:59:28.947909', '2017-05-25 16:59:28.947909', null);
INSERT INTO public.addresses (id, account_id, region_id, name, address1, address2, city, zip, is_default_shipping, phone_number, created_at, updated_at, deleted_at) VALUES (69, 32, 4177, 'Ezequiel Wintheiser', 'Koepp', null, 'Alexandrine Falls', '63997', false, '3761058600', '2017-05-25 16:59:28.947909', '2017-05-25 16:59:28.947909', null);
INSERT INTO public.addresses (id, account_id, region_id, name, address1, address2, city, zip, is_default_shipping, phone_number, created_at, updated_at, deleted_at) VALUES (70, 32, 4177, 'Ezequiel Wintheiser', 'Schmidt', 'Apt. 125', 'Pearline Lakes', '83642', false, '3032063577', '2017-05-25 16:59:28.947909', '2017-05-25 16:59:28.947909', null);
INSERT INTO public.addresses (id, account_id, region_id, name, address1, address2, city, zip, is_default_shipping, phone_number, created_at, updated_at, deleted_at) VALUES (71, 33, 4177, 'Coleman Ryan', 'Schneider', null, 'Regan Lodge', '79852', true, '4907092010', '2017-05-25 16:59:28.947909', '2017-05-25 16:59:28.947909', null);
INSERT INTO public.addresses (id, account_id, region_id, name, address1, address2, city, zip, is_default_shipping, phone_number, created_at, updated_at, deleted_at) VALUES (72, 33, 4177, 'Coleman Ryan', 'Rodriguez', null, 'Ulises Way', '32502', false, '8139424433', '2017-05-25 16:59:28.947909', '2017-05-25 16:59:28.947909', null);
INSERT INTO public.addresses (id, account_id, region_id, name, address1, address2, city, zip, is_default_shipping, phone_number, created_at, updated_at, deleted_at) VALUES (73, 33, 4177, 'Coleman Ryan', 'Rolfson', 'Apt. 074', 'Paige Park', '45919', false, '8711935024', '2017-05-25 16:59:28.947909', '2017-05-25 16:59:28.947909', null);
INSERT INTO public.addresses (id, account_id, region_id, name, address1, address2, city, zip, is_default_shipping, phone_number, created_at, updated_at, deleted_at) VALUES (74, 34, 4177, 'Kyle Watsica', 'Zemlak', null, 'Dante Island', '54939', true, '8958147128', '2017-05-25 16:59:28.947909', '2017-05-25 16:59:28.947909', null);
INSERT INTO public.addresses (id, account_id, region_id, name, address1, address2, city, zip, is_default_shipping, phone_number, created_at, updated_at, deleted_at) VALUES (75, 34, 4177, 'Kyle Watsica', 'Hickle', 'Suite 212', 'Miguel Trace', '14146', false, null, '2017-05-25 16:59:28.947909', '2017-05-25 16:59:28.947909', null);
INSERT INTO public.addresses (id, account_id, region_id, name, address1, address2, city, zip, is_default_shipping, phone_number, created_at, updated_at, deleted_at) VALUES (76, 35, 4177, 'Miller Bernhard', 'Kerluke', 'Suite 210', 'Mose Underpass', '20262', true, '4866176462', '2017-05-25 16:59:28.947909', '2017-05-25 16:59:28.947909', null);
INSERT INTO public.addresses (id, account_id, region_id, name, address1, address2, city, zip, is_default_shipping, phone_number, created_at, updated_at, deleted_at) VALUES (77, 35, 4177, 'Miller Bernhard', 'Sauer', 'Suite 371', 'Raphael Expressway', '23708', false, null, '2017-05-25 16:59:28.947909', '2017-05-25 16:59:28.947909', null);
INSERT INTO public.addresses (id, account_id, region_id, name, address1, address2, city, zip, is_default_shipping, phone_number, created_at, updated_at, deleted_at) VALUES (78, 35, 4177, 'Miller Bernhard', 'Ward', 'Suite 482', 'Stephany Mountains', '17482', false, '9374478241', '2017-05-25 16:59:28.947909', '2017-05-25 16:59:28.947909', null);
INSERT INTO public.addresses (id, account_id, region_id, name, address1, address2, city, zip, is_default_shipping, phone_number, created_at, updated_at, deleted_at) VALUES (79, 36, 4177, 'Madison Hickle', 'Schiller', null, 'Adrienne Rue', '04393', true, '1733530166', '2017-05-25 16:59:28.947909', '2017-05-25 16:59:28.947909', null);
INSERT INTO public.addresses (id, account_id, region_id, name, address1, address2, city, zip, is_default_shipping, phone_number, created_at, updated_at, deleted_at) VALUES (80, 36, 4177, 'Madison Hickle', 'Torphy', 'Apt. 578', 'Serenity Village', '75632', false, '8324036206', '2017-05-25 16:59:28.947909', '2017-05-25 16:59:28.947909', null);
INSERT INTO public.addresses (id, account_id, region_id, name, address1, address2, city, zip, is_default_shipping, phone_number, created_at, updated_at, deleted_at) VALUES (81, 36, 4177, 'Madison Hickle', 'Mayer', 'Suite 307', 'Leanne Radial', '60175', false, null, '2017-05-25 16:59:28.947909', '2017-05-25 16:59:28.947909', null);
INSERT INTO public.addresses (id, account_id, region_id, name, address1, address2, city, zip, is_default_shipping, phone_number, created_at, updated_at, deleted_at) VALUES (82, 37, 4177, 'Hettie Goyette', 'Kiehn', 'Apt. 102', 'Eduardo Mountain', '66087', true, null, '2017-05-25 16:59:28.947909', '2017-05-25 16:59:28.947909', null);
INSERT INTO public.addresses (id, account_id, region_id, name, address1, address2, city, zip, is_default_shipping, phone_number, created_at, updated_at, deleted_at) VALUES (83, 37, 4177, 'Hettie Goyette', 'Lesch', null, 'Tyshawn Island', '77373', false, null, '2017-05-25 16:59:28.947909', '2017-05-25 16:59:28.947909', null);
INSERT INTO public.addresses (id, account_id, region_id, name, address1, address2, city, zip, is_default_shipping, phone_number, created_at, updated_at, deleted_at) VALUES (84, 38, 4177, 'Mandy Beer', 'Leuschke', 'Suite 969', 'Emmet Cliff', '31815', true, null, '2017-05-25 16:59:28.947909', '2017-05-25 16:59:28.947909', null);
INSERT INTO public.addresses (id, account_id, region_id, name, address1, address2, city, zip, is_default_shipping, phone_number, created_at, updated_at, deleted_at) VALUES (85, 38, 4177, 'Mandy Beer', 'Parisian', null, 'Imelda Oval', '13042', false, null, '2017-05-25 16:59:28.947909', '2017-05-25 16:59:28.947909', null);
INSERT INTO public.addresses (id, account_id, region_id, name, address1, address2, city, zip, is_default_shipping, phone_number, created_at, updated_at, deleted_at) VALUES (86, 38, 4177, 'Mandy Beer', 'Hills', null, 'Treva Extension', '59953', false, '8406269051', '2017-05-25 16:59:28.947909', '2017-05-25 16:59:28.947909', null);
INSERT INTO public.addresses (id, account_id, region_id, name, address1, address2, city, zip, is_default_shipping, phone_number, created_at, updated_at, deleted_at) VALUES (87, 39, 4177, 'Jazmyn Hoeger', 'Swaniawski', 'Suite 611', 'Eryn Orchard', '79460', true, null, '2017-05-25 16:59:28.947909', '2017-05-25 16:59:28.947909', null);
INSERT INTO public.addresses (id, account_id, region_id, name, address1, address2, city, zip, is_default_shipping, phone_number, created_at, updated_at, deleted_at) VALUES (88, 39, 4177, 'Jazmyn Hoeger', 'Glover', null, 'Madisyn Tunnel', '75716', false, null, '2017-05-25 16:59:28.947909', '2017-05-25 16:59:28.947909', null);
INSERT INTO public.addresses (id, account_id, region_id, name, address1, address2, city, zip, is_default_shipping, phone_number, created_at, updated_at, deleted_at) VALUES (89, 39, 4177, 'Jazmyn Hoeger', 'Osinski', null, 'Nikki Alley', '66744', false, '7909745603', '2017-05-25 16:59:28.947909', '2017-05-25 16:59:28.947909', null);
INSERT INTO public.addresses (id, account_id, region_id, name, address1, address2, city, zip, is_default_shipping, phone_number, created_at, updated_at, deleted_at) VALUES (90, 40, 4177, 'Carissa Crist', 'Block', 'Apt. 620', 'Mitchel Corners', '71264', true, null, '2017-05-25 16:59:28.947909', '2017-05-25 16:59:28.947909', null);
INSERT INTO public.addresses (id, account_id, region_id, name, address1, address2, city, zip, is_default_shipping, phone_number, created_at, updated_at, deleted_at) VALUES (91, 40, 4177, 'Carissa Crist', 'Wiegand', null, 'Abbigail Plaza', '07153', false, null, '2017-05-25 16:59:28.947909', '2017-05-25 16:59:28.947909', null);
INSERT INTO public.addresses (id, account_id, region_id, name, address1, address2, city, zip, is_default_shipping, phone_number, created_at, updated_at, deleted_at) VALUES (92, 41, 4177, 'Margret Brekke', 'Gislason', 'Apt. 951', 'Grayson Drive', '62449', true, null, '2017-05-25 16:59:28.947909', '2017-05-25 16:59:28.947909', null);
INSERT INTO public.addresses (id, account_id, region_id, name, address1, address2, city, zip, is_default_shipping, phone_number, created_at, updated_at, deleted_at) VALUES (93, 41, 4177, 'Margret Brekke', 'McDermott', null, 'Eladio Stream', '87599', false, null, '2017-05-25 16:59:28.947909', '2017-05-25 16:59:28.947909', null);
INSERT INTO public.addresses (id, account_id, region_id, name, address1, address2, city, zip, is_default_shipping, phone_number, created_at, updated_at, deleted_at) VALUES (94, 42, 4177, 'Deron Altenwerth', 'Leffler', null, 'German Stravenue', '72626', true, '9445923705', '2017-05-25 16:59:28.947909', '2017-05-25 16:59:28.947909', null);
INSERT INTO public.addresses (id, account_id, region_id, name, address1, address2, city, zip, is_default_shipping, phone_number, created_at, updated_at, deleted_at) VALUES (95, 42, 4177, 'Deron Altenwerth', 'Murray', 'Apt. 310', 'Albin Club', '95648', false, '6134935789', '2017-05-25 16:59:28.947909', '2017-05-25 16:59:28.947909', null);
INSERT INTO public.addresses (id, account_id, region_id, name, address1, address2, city, zip, is_default_shipping, phone_number, created_at, updated_at, deleted_at) VALUES (96, 43, 4177, 'Gavin Shanahan', 'Hauck', 'Suite 557', 'Kariane Springs', '80017', true, null, '2017-05-25 16:59:28.947909', '2017-05-25 16:59:28.947909', null);
INSERT INTO public.addresses (id, account_id, region_id, name, address1, address2, city, zip, is_default_shipping, phone_number, created_at, updated_at, deleted_at) VALUES (97, 43, 4177, 'Gavin Shanahan', 'Hills', 'Apt. 201', 'Kurt Forks', '30186', false, '1185513190', '2017-05-25 16:59:28.947909', '2017-05-25 16:59:28.947909', null);
INSERT INTO public.addresses (id, account_id, region_id, name, address1, address2, city, zip, is_default_shipping, phone_number, created_at, updated_at, deleted_at) VALUES (98, 44, 4177, 'Jordon Swaniawski', 'Cummerata', 'Suite 877', 'Georgiana Dam', '87967', true, null, '2017-05-25 16:59:28.947909', '2017-05-25 16:59:28.947909', null);
INSERT INTO public.addresses (id, account_id, region_id, name, address1, address2, city, zip, is_default_shipping, phone_number, created_at, updated_at, deleted_at) VALUES (99, 44, 4177, 'Jordon Swaniawski', 'Douglas', 'Suite 540', 'Danika Stream', '16636', false, null, '2017-05-25 16:59:28.947909', '2017-05-25 16:59:28.947909', null);
INSERT INTO public.addresses (id, account_id, region_id, name, address1, address2, city, zip, is_default_shipping, phone_number, created_at, updated_at, deleted_at) VALUES (100, 45, 4177, 'Lesley Schultz', 'Hand', null, 'Sophia Highway', '50448', true, '0869188294', '2017-05-25 16:59:28.947909', '2017-05-25 16:59:28.947909', null);
INSERT INTO public.addresses (id, account_id, region_id, name, address1, address2, city, zip, is_default_shipping, phone_number, created_at, updated_at, deleted_at) VALUES (101, 45, 4177, 'Lesley Schultz', 'Schuppe', 'Apt. 223', 'Mckayla Village', '59283', false, null, '2017-05-25 16:59:28.947909', '2017-05-25 16:59:28.947909', null);
INSERT INTO public.addresses (id, account_id, region_id, name, address1, address2, city, zip, is_default_shipping, phone_number, created_at, updated_at, deleted_at) VALUES (102, 46, 4177, 'Mr. Larissa Ankunding', 'Walter', 'Apt. 551', 'Khalid Dam', '92877', true, '7113120985', '2017-05-25 16:59:28.947909', '2017-05-25 16:59:28.947909', null);
INSERT INTO public.addresses (id, account_id, region_id, name, address1, address2, city, zip, is_default_shipping, phone_number, created_at, updated_at, deleted_at) VALUES (103, 46, 4177, 'Mr. Larissa Ankunding', 'Quigley', null, 'Hailie Stream', '29426', false, null, '2017-05-25 16:59:28.947909', '2017-05-25 16:59:28.947909', null);
INSERT INTO public.addresses (id, account_id, region_id, name, address1, address2, city, zip, is_default_shipping, phone_number, created_at, updated_at, deleted_at) VALUES (104, 47, 4177, 'Ferne Sipes', 'Kirlin', 'Suite 137', 'Sadye Inlet', '26648', true, null, '2017-05-25 16:59:28.947909', '2017-05-25 16:59:28.947909', null);
INSERT INTO public.addresses (id, account_id, region_id, name, address1, address2, city, zip, is_default_shipping, phone_number, created_at, updated_at, deleted_at) VALUES (105, 47, 4177, 'Ferne Sipes', 'Daugherty', null, 'Justina Street', '10259', false, null, '2017-05-25 16:59:28.947909', '2017-05-25 16:59:28.947909', null);
INSERT INTO public.addresses (id, account_id, region_id, name, address1, address2, city, zip, is_default_shipping, phone_number, created_at, updated_at, deleted_at) VALUES (106, 47, 4177, 'Ferne Sipes', 'Bogisich', 'Suite 436', 'Albert Green', '40559', false, '9182847437', '2017-05-25 16:59:28.947909', '2017-05-25 16:59:28.947909', null);
INSERT INTO public.addresses (id, account_id, region_id, name, address1, address2, city, zip, is_default_shipping, phone_number, created_at, updated_at, deleted_at) VALUES (107, 48, 4177, 'Eloisa Hammes', 'Leffler', null, 'Emil Terrace', '75447', true, '9311967868', '2017-05-25 16:59:28.947909', '2017-05-25 16:59:28.947909', null);
INSERT INTO public.addresses (id, account_id, region_id, name, address1, address2, city, zip, is_default_shipping, phone_number, created_at, updated_at, deleted_at) VALUES (108, 48, 4177, 'Eloisa Hammes', 'Gutmann', null, 'Cassandre Junctions', '70927', false, null, '2017-05-25 16:59:28.947909', '2017-05-25 16:59:28.947909', null);
INSERT INTO public.addresses (id, account_id, region_id, name, address1, address2, city, zip, is_default_shipping, phone_number, created_at, updated_at, deleted_at) VALUES (109, 48, 4177, 'Eloisa Hammes', 'Stiedemann', 'Suite 310', 'Donald Courts', '01103', false, '0983450583', '2017-05-25 16:59:28.947909', '2017-05-25 16:59:28.947909', null);
INSERT INTO public.addresses (id, account_id, region_id, name, address1, address2, city, zip, is_default_shipping, phone_number, created_at, updated_at, deleted_at) VALUES (110, 49, 4177, 'Miss Karlee Wolff', 'Casper', 'Apt. 493', 'Allene Freeway', '81019', true, '4937004224', '2017-05-25 16:59:28.947909', '2017-05-25 16:59:28.947909', null);
INSERT INTO public.addresses (id, account_id, region_id, name, address1, address2, city, zip, is_default_shipping, phone_number, created_at, updated_at, deleted_at) VALUES (111, 49, 4177, 'Miss Karlee Wolff', 'Koss', null, 'Allison Creek', '76632', false, '3505160472', '2017-05-25 16:59:28.947909', '2017-05-25 16:59:28.947909', null);
INSERT INTO public.addresses (id, account_id, region_id, name, address1, address2, city, zip, is_default_shipping, phone_number, created_at, updated_at, deleted_at) VALUES (112, 50, 4177, 'Danyka Klocko', 'Ondricka', null, 'Chesley Extension', '33820', true, null, '2017-05-25 16:59:28.947909', '2017-05-25 16:59:28.947909', null);
INSERT INTO public.addresses (id, account_id, region_id, name, address1, address2, city, zip, is_default_shipping, phone_number, created_at, updated_at, deleted_at) VALUES (113, 50, 4177, 'Danyka Klocko', 'McGlynn', null, 'Flavie Cove', '65765', false, null, '2017-05-25 16:59:28.947909', '2017-05-25 16:59:28.947909', null);
INSERT INTO public.addresses (id, account_id, region_id, name, address1, address2, city, zip, is_default_shipping, phone_number, created_at, updated_at, deleted_at) VALUES (114, 51, 4177, 'Rodrick Rowe', 'Ondricka', 'Suite 288', 'Holly Mews', '93844', true, null, '2017-05-25 16:59:28.947909', '2017-05-25 16:59:28.947909', null);
INSERT INTO public.addresses (id, account_id, region_id, name, address1, address2, city, zip, is_default_shipping, phone_number, created_at, updated_at, deleted_at) VALUES (115, 51, 4177, 'Rodrick Rowe', 'Champlin', null, 'Jerod Ranch', '74550', false, null, '2017-05-25 16:59:28.947909', '2017-05-25 16:59:28.947909', null);
INSERT INTO public.addresses (id, account_id, region_id, name, address1, address2, city, zip, is_default_shipping, phone_number, created_at, updated_at, deleted_at) VALUES (116, 51, 4177, 'Rodrick Rowe', 'Wilkinson', 'Suite 808', 'Zula View', '14747', false, null, '2017-05-25 16:59:28.947909', '2017-05-25 16:59:28.947909', null);
INSERT INTO public.addresses (id, account_id, region_id, name, address1, address2, city, zip, is_default_shipping, phone_number, created_at, updated_at, deleted_at) VALUES (117, 52, 4177, 'Mr. Jeffery Johns', 'Bednar', null, 'Liliana Crossing', '12279', true, null, '2017-05-25 16:59:28.947909', '2017-05-25 16:59:28.947909', null);
INSERT INTO public.addresses (id, account_id, region_id, name, address1, address2, city, zip, is_default_shipping, phone_number, created_at, updated_at, deleted_at) VALUES (118, 52, 4177, 'Mr. Jeffery Johns', 'Daugherty', null, 'Linnie Valleys', '01773', false, null, '2017-05-25 16:59:28.947909', '2017-05-25 16:59:28.947909', null);
INSERT INTO public.addresses (id, account_id, region_id, name, address1, address2, city, zip, is_default_shipping, phone_number, created_at, updated_at, deleted_at) VALUES (119, 52, 4177, 'Mr. Jeffery Johns', 'Klein', 'Suite 081', 'Edythe Stravenue', '75840', false, null, '2017-05-25 16:59:28.947909', '2017-05-25 16:59:28.947909', null);
INSERT INTO public.addresses (id, account_id, region_id, name, address1, address2, city, zip, is_default_shipping, phone_number, created_at, updated_at, deleted_at) VALUES (120, 53, 4177, 'Ms. Lavada Beier', 'Runolfsson', null, 'Cathryn Fall', '64147', true, '2500730122', '2017-05-25 16:59:28.947909', '2017-05-25 16:59:28.947909', null);
INSERT INTO public.addresses (id, account_id, region_id, name, address1, address2, city, zip, is_default_shipping, phone_number, created_at, updated_at, deleted_at) VALUES (121, 53, 4177, 'Ms. Lavada Beier', 'Mayer', null, 'Mittie Corner', '38673', false, '3324143822', '2017-05-25 16:59:28.947909', '2017-05-25 16:59:28.947909', null);
INSERT INTO public.addresses (id, account_id, region_id, name, address1, address2, city, zip, is_default_shipping, phone_number, created_at, updated_at, deleted_at) VALUES (122, 54, 4177, 'Jessyca Considine', 'Hilpert', 'Apt. 287', 'Lucinda Radial', '36674', true, null, '2017-05-25 16:59:28.947909', '2017-05-25 16:59:28.947909', null);
INSERT INTO public.addresses (id, account_id, region_id, name, address1, address2, city, zip, is_default_shipping, phone_number, created_at, updated_at, deleted_at) VALUES (123, 54, 4177, 'Jessyca Considine', 'Lueilwitz', null, 'Camilla Mission', '17300', false, '0451707564', '2017-05-25 16:59:28.947909', '2017-05-25 16:59:28.947909', null);
INSERT INTO public.addresses (id, account_id, region_id, name, address1, address2, city, zip, is_default_shipping, phone_number, created_at, updated_at, deleted_at) VALUES (124, 54, 4177, 'Jessyca Considine', 'Smith', null, 'Raquel Freeway', '05293', false, '3797723608', '2017-05-25 16:59:28.947909', '2017-05-25 16:59:28.947909', null);
INSERT INTO public.addresses (id, account_id, region_id, name, address1, address2, city, zip, is_default_shipping, phone_number, created_at, updated_at, deleted_at) VALUES (125, 55, 4177, 'Nona Marks', 'VonRueden', null, 'Tyree Shoals', '09731', true, null, '2017-05-25 16:59:28.947909', '2017-05-25 16:59:28.947909', null);
INSERT INTO public.addresses (id, account_id, region_id, name, address1, address2, city, zip, is_default_shipping, phone_number, created_at, updated_at, deleted_at) VALUES (126, 55, 4177, 'Nona Marks', 'Witting', null, 'Jed Park', '00785', false, null, '2017-05-25 16:59:28.947909', '2017-05-25 16:59:28.947909', null);
INSERT INTO public.addresses (id, account_id, region_id, name, address1, address2, city, zip, is_default_shipping, phone_number, created_at, updated_at, deleted_at) VALUES (127, 55, 4177, 'Nona Marks', 'Hamill', null, 'Giovanny Gateway', '42953', false, null, '2017-05-25 16:59:28.947909', '2017-05-25 16:59:28.947909', null);
INSERT INTO public.addresses (id, account_id, region_id, name, address1, address2, city, zip, is_default_shipping, phone_number, created_at, updated_at, deleted_at) VALUES (128, 56, 4177, 'Royal Medhurst', 'Ratke', 'Apt. 271', 'Karley Radial', '20840', true, '9408119282', '2017-05-25 16:59:28.947909', '2017-05-25 16:59:28.947909', null);
INSERT INTO public.addresses (id, account_id, region_id, name, address1, address2, city, zip, is_default_shipping, phone_number, created_at, updated_at, deleted_at) VALUES (129, 56, 4177, 'Royal Medhurst', 'Swaniawski', null, 'Leo Trail', '93646', false, null, '2017-05-25 16:59:28.947909', '2017-05-25 16:59:28.947909', null);
INSERT INTO public.addresses (id, account_id, region_id, name, address1, address2, city, zip, is_default_shipping, phone_number, created_at, updated_at, deleted_at) VALUES (130, 57, 4177, 'Susanna Douglas', 'Kerluke', null, 'Donnie Square', '61967', true, null, '2017-05-25 16:59:28.947909', '2017-05-25 16:59:28.947909', null);
INSERT INTO public.addresses (id, account_id, region_id, name, address1, address2, city, zip, is_default_shipping, phone_number, created_at, updated_at, deleted_at) VALUES (131, 57, 4177, 'Susanna Douglas', 'Rempel', null, 'Emelie Hollow', '92849', false, null, '2017-05-25 16:59:28.947909', '2017-05-25 16:59:28.947909', null);
INSERT INTO public.addresses (id, account_id, region_id, name, address1, address2, city, zip, is_default_shipping, phone_number, created_at, updated_at, deleted_at) VALUES (132, 57, 4177, 'Susanna Douglas', 'Parker', null, 'Burnice Isle', '29803', false, '0707936982', '2017-05-25 16:59:28.947909', '2017-05-25 16:59:28.947909', null);
INSERT INTO public.addresses (id, account_id, region_id, name, address1, address2, city, zip, is_default_shipping, phone_number, created_at, updated_at, deleted_at) VALUES (133, 58, 4177, 'Amara Cruickshank I', 'Kris', null, 'Cortez Mountain', '31537', true, '8199969981', '2017-05-25 16:59:28.947909', '2017-05-25 16:59:28.947909', null);
INSERT INTO public.addresses (id, account_id, region_id, name, address1, address2, city, zip, is_default_shipping, phone_number, created_at, updated_at, deleted_at) VALUES (134, 58, 4177, 'Amara Cruickshank I', 'Dickens', null, 'Brigitte Vista', '00263', false, '1247592992', '2017-05-25 16:59:28.947909', '2017-05-25 16:59:28.947909', null);
INSERT INTO public.addresses (id, account_id, region_id, name, address1, address2, city, zip, is_default_shipping, phone_number, created_at, updated_at, deleted_at) VALUES (135, 59, 4177, 'Mr. Dennis Simonis', 'Kub', null, 'Susana Mall', '54023', true, null, '2017-05-25 16:59:28.947909', '2017-05-25 16:59:28.947909', null);
INSERT INTO public.addresses (id, account_id, region_id, name, address1, address2, city, zip, is_default_shipping, phone_number, created_at, updated_at, deleted_at) VALUES (136, 59, 4177, 'Mr. Dennis Simonis', 'Robel', 'Suite 806', 'Adan Club', '58574', false, null, '2017-05-25 16:59:28.947909', '2017-05-25 16:59:28.947909', null);
INSERT INTO public.addresses (id, account_id, region_id, name, address1, address2, city, zip, is_default_shipping, phone_number, created_at, updated_at, deleted_at) VALUES (137, 60, 4177, 'Bradly Gibson', 'Kovacek', 'Suite 116', 'Easton Knoll', '62808', true, null, '2017-05-25 16:59:28.947909', '2017-05-25 16:59:28.947909', null);
INSERT INTO public.addresses (id, account_id, region_id, name, address1, address2, city, zip, is_default_shipping, phone_number, created_at, updated_at, deleted_at) VALUES (138, 60, 4177, 'Bradly Gibson', 'Langworth', null, 'Devonte Passage', '40255', false, '7395918863', '2017-05-25 16:59:28.947909', '2017-05-25 16:59:28.947909', null);
INSERT INTO public.addresses (id, account_id, region_id, name, address1, address2, city, zip, is_default_shipping, phone_number, created_at, updated_at, deleted_at) VALUES (139, 60, 4177, 'Bradly Gibson', 'Bosco', 'Apt. 790', 'Loren Ferry', '66531', false, '6734469785', '2017-05-25 16:59:28.947909', '2017-05-25 16:59:28.947909', null);
INSERT INTO public.addresses (id, account_id, region_id, name, address1, address2, city, zip, is_default_shipping, phone_number, created_at, updated_at, deleted_at) VALUES (140, 61, 4177, 'Teagan Reinger', 'Lemke', 'Suite 773', 'Freida Divide', '48902', true, '6404889263', '2017-05-25 16:59:28.947909', '2017-05-25 16:59:28.947909', null);
INSERT INTO public.addresses (id, account_id, region_id, name, address1, address2, city, zip, is_default_shipping, phone_number, created_at, updated_at, deleted_at) VALUES (141, 61, 4177, 'Teagan Reinger', 'Witting', null, 'Lavina Stravenue', '93559', false, '2162729373', '2017-05-25 16:59:28.947909', '2017-05-25 16:59:28.947909', null);
INSERT INTO public.addresses (id, account_id, region_id, name, address1, address2, city, zip, is_default_shipping, phone_number, created_at, updated_at, deleted_at) VALUES (142, 61, 4177, 'Teagan Reinger', 'Schumm', null, 'Jaunita Route', '71188', false, null, '2017-05-25 16:59:28.947909', '2017-05-25 16:59:28.947909', null);
INSERT INTO public.addresses (id, account_id, region_id, name, address1, address2, city, zip, is_default_shipping, phone_number, created_at, updated_at, deleted_at) VALUES (143, 62, 4177, 'Miss Dax Waters', 'Wolf', null, 'Maxime Tunnel', '42184', true, '5397552959', '2017-05-25 16:59:28.947909', '2017-05-25 16:59:28.947909', null);
INSERT INTO public.addresses (id, account_id, region_id, name, address1, address2, city, zip, is_default_shipping, phone_number, created_at, updated_at, deleted_at) VALUES (144, 62, 4177, 'Miss Dax Waters', 'McKenzie', null, 'Rosie Valley', '13047', false, '8031593555', '2017-05-25 16:59:28.947909', '2017-05-25 16:59:28.947909', null);
INSERT INTO public.addresses (id, account_id, region_id, name, address1, address2, city, zip, is_default_shipping, phone_number, created_at, updated_at, deleted_at) VALUES (145, 63, 4177, 'Mrs. Kirk Anderson', 'Daugherty', null, 'Ashlynn Drive', '11977', true, null, '2017-05-25 16:59:28.947909', '2017-05-25 16:59:28.947909', null);
INSERT INTO public.addresses (id, account_id, region_id, name, address1, address2, city, zip, is_default_shipping, phone_number, created_at, updated_at, deleted_at) VALUES (146, 63, 4177, 'Mrs. Kirk Anderson', 'Gusikowski', null, 'Linwood Throughway', '33260', false, null, '2017-05-25 16:59:28.947909', '2017-05-25 16:59:28.947909', null);
INSERT INTO public.addresses (id, account_id, region_id, name, address1, address2, city, zip, is_default_shipping, phone_number, created_at, updated_at, deleted_at) VALUES (147, 64, 4177, 'Tyrel O''Reilly I', 'Zboncak', 'Apt. 953', 'Bill Pike', '82896', true, '0227832254', '2017-05-25 16:59:28.947909', '2017-05-25 16:59:28.947909', null);
INSERT INTO public.addresses (id, account_id, region_id, name, address1, address2, city, zip, is_default_shipping, phone_number, created_at, updated_at, deleted_at) VALUES (148, 64, 4177, 'Tyrel O''Reilly I', 'Jacobson', null, 'Linda Curve', '71158', false, null, '2017-05-25 16:59:28.947909', '2017-05-25 16:59:28.947909', null);
INSERT INTO public.addresses (id, account_id, region_id, name, address1, address2, city, zip, is_default_shipping, phone_number, created_at, updated_at, deleted_at) VALUES (149, 65, 4177, 'Antonina Gislason', 'Klein', 'Suite 530', 'Mattie Burgs', '53981', true, null, '2017-05-25 16:59:28.947909', '2017-05-25 16:59:28.947909', null);
INSERT INTO public.addresses (id, account_id, region_id, name, address1, address2, city, zip, is_default_shipping, phone_number, created_at, updated_at, deleted_at) VALUES (150, 65, 4177, 'Antonina Gislason', 'Collier', 'Apt. 365', 'Lilian Mountains', '32502', false, null, '2017-05-25 16:59:28.947909', '2017-05-25 16:59:28.947909', null);
INSERT INTO public.addresses (id, account_id, region_id, name, address1, address2, city, zip, is_default_shipping, phone_number, created_at, updated_at, deleted_at) VALUES (151, 66, 4177, 'Dante Paucek', 'Morissette', 'Suite 483', 'Leanna Junction', '23707', true, null, '2017-05-25 16:59:28.947909', '2017-05-25 16:59:28.947909', null);
INSERT INTO public.addresses (id, account_id, region_id, name, address1, address2, city, zip, is_default_shipping, phone_number, created_at, updated_at, deleted_at) VALUES (152, 66, 4177, 'Dante Paucek', 'Witting', 'Apt. 229', 'Lon Prairie', '55893', false, '7951076358', '2017-05-25 16:59:28.947909', '2017-05-25 16:59:28.947909', null);
INSERT INTO public.addresses (id, account_id, region_id, name, address1, address2, city, zip, is_default_shipping, phone_number, created_at, updated_at, deleted_at) VALUES (153, 66, 4177, 'Dante Paucek', 'Schaden', null, 'Ben Hill', '30849', false, '8735052722', '2017-05-25 16:59:28.947909', '2017-05-25 16:59:28.947909', null);
INSERT INTO public.addresses (id, account_id, region_id, name, address1, address2, city, zip, is_default_shipping, phone_number, created_at, updated_at, deleted_at) VALUES (154, 67, 4177, 'Linwood Walsh', 'Huels', null, 'Bette Ports', '91136', true, null, '2017-05-25 16:59:28.947909', '2017-05-25 16:59:28.947909', null);
INSERT INTO public.addresses (id, account_id, region_id, name, address1, address2, city, zip, is_default_shipping, phone_number, created_at, updated_at, deleted_at) VALUES (155, 67, 4177, 'Linwood Walsh', 'McLaughlin', null, 'Willow Falls', '33837', false, '4645499973', '2017-05-25 16:59:28.947909', '2017-05-25 16:59:28.947909', null);
INSERT INTO public.addresses (id, account_id, region_id, name, address1, address2, city, zip, is_default_shipping, phone_number, created_at, updated_at, deleted_at) VALUES (156, 67, 4177, 'Linwood Walsh', 'Considine', null, 'Opal Ford', '07857', false, '9663079561', '2017-05-25 16:59:28.947909', '2017-05-25 16:59:28.947909', null);
INSERT INTO public.addresses (id, account_id, region_id, name, address1, address2, city, zip, is_default_shipping, phone_number, created_at, updated_at, deleted_at) VALUES (157, 68, 4177, 'Melvin Langosh', 'Gerlach', 'Apt. 786', 'Ian Loaf', '27390', true, '2858015549', '2017-05-25 16:59:28.947909', '2017-05-25 16:59:28.947909', null);
INSERT INTO public.addresses (id, account_id, region_id, name, address1, address2, city, zip, is_default_shipping, phone_number, created_at, updated_at, deleted_at) VALUES (158, 68, 4177, 'Melvin Langosh', 'Jast', null, 'Dorothy Inlet', '03608', false, null, '2017-05-25 16:59:28.947909', '2017-05-25 16:59:28.947909', null);
INSERT INTO public.addresses (id, account_id, region_id, name, address1, address2, city, zip, is_default_shipping, phone_number, created_at, updated_at, deleted_at) VALUES (159, 68, 4177, 'Melvin Langosh', 'Mraz', 'Suite 981', 'Pete Cape', '36781', false, '7004808385', '2017-05-25 16:59:28.947909', '2017-05-25 16:59:28.947909', null);
INSERT INTO public.addresses (id, account_id, region_id, name, address1, address2, city, zip, is_default_shipping, phone_number, created_at, updated_at, deleted_at) VALUES (160, 69, 4177, 'Hayley Kris', 'Hartmann', 'Suite 112', 'Kiara Square', '94586', true, '1914544860', '2017-05-25 16:59:28.947909', '2017-05-25 16:59:28.947909', null);
INSERT INTO public.addresses (id, account_id, region_id, name, address1, address2, city, zip, is_default_shipping, phone_number, created_at, updated_at, deleted_at) VALUES (161, 69, 4177, 'Hayley Kris', 'Hintz', 'Apt. 826', 'Fannie Curve', '16238', false, null, '2017-05-25 16:59:28.947909', '2017-05-25 16:59:28.947909', null);
INSERT INTO public.addresses (id, account_id, region_id, name, address1, address2, city, zip, is_default_shipping, phone_number, created_at, updated_at, deleted_at) VALUES (162, 70, 4177, 'Elody Harris', 'Stiedemann', 'Apt. 365', 'Angeline Overpass', '98333', true, null, '2017-05-25 16:59:28.947909', '2017-05-25 16:59:28.947909', null);
INSERT INTO public.addresses (id, account_id, region_id, name, address1, address2, city, zip, is_default_shipping, phone_number, created_at, updated_at, deleted_at) VALUES (163, 70, 4177, 'Elody Harris', 'Abbott', null, 'Jordyn Haven', '17363', false, null, '2017-05-25 16:59:28.947909', '2017-05-25 16:59:28.947909', null);
INSERT INTO public.addresses (id, account_id, region_id, name, address1, address2, city, zip, is_default_shipping, phone_number, created_at, updated_at, deleted_at) VALUES (164, 70, 4177, 'Elody Harris', 'Bednar', 'Apt. 912', 'Alberta Stravenue', '60704', false, null, '2017-05-25 16:59:28.947909', '2017-05-25 16:59:28.947909', null);
INSERT INTO public.addresses (id, account_id, region_id, name, address1, address2, city, zip, is_default_shipping, phone_number, created_at, updated_at, deleted_at) VALUES (165, 71, 4177, 'Clark Pfeffer', 'Marquardt', 'Suite 173', 'Gabriel Park', '90126', true, '7749757468', '2017-05-25 16:59:28.947909', '2017-05-25 16:59:28.947909', null);
INSERT INTO public.addresses (id, account_id, region_id, name, address1, address2, city, zip, is_default_shipping, phone_number, created_at, updated_at, deleted_at) VALUES (166, 71, 4177, 'Clark Pfeffer', 'Heller', null, 'Herminia Dam', '23223', false, null, '2017-05-25 16:59:28.947909', '2017-05-25 16:59:28.947909', null);
INSERT INTO public.addresses (id, account_id, region_id, name, address1, address2, city, zip, is_default_shipping, phone_number, created_at, updated_at, deleted_at) VALUES (167, 71, 4177, 'Clark Pfeffer', 'Stiedemann', null, 'Dena Keys', '78399', false, null, '2017-05-25 16:59:28.947909', '2017-05-25 16:59:28.947909', null);
INSERT INTO public.addresses (id, account_id, region_id, name, address1, address2, city, zip, is_default_shipping, phone_number, created_at, updated_at, deleted_at) VALUES (168, 72, 4177, 'Aglae Johns', 'Franecki', null, 'Elwyn Mission', '20587', true, null, '2017-05-25 16:59:28.947909', '2017-05-25 16:59:28.947909', null);
INSERT INTO public.addresses (id, account_id, region_id, name, address1, address2, city, zip, is_default_shipping, phone_number, created_at, updated_at, deleted_at) VALUES (169, 72, 4177, 'Aglae Johns', 'Lind', 'Suite 705', 'Mervin Camp', '47589', false, null, '2017-05-25 16:59:28.947909', '2017-05-25 16:59:28.947909', null);
INSERT INTO public.addresses (id, account_id, region_id, name, address1, address2, city, zip, is_default_shipping, phone_number, created_at, updated_at, deleted_at) VALUES (170, 73, 4177, 'Chyna Moen', 'Halvorson', null, 'Luciano Path', '99126', true, null, '2017-05-25 16:59:28.947909', '2017-05-25 16:59:28.947909', null);
INSERT INTO public.addresses (id, account_id, region_id, name, address1, address2, city, zip, is_default_shipping, phone_number, created_at, updated_at, deleted_at) VALUES (171, 73, 4177, 'Chyna Moen', 'Schaden', 'Apt. 318', 'Prudence Lights', '32307', false, '8141721549', '2017-05-25 16:59:28.947909', '2017-05-25 16:59:28.947909', null);
INSERT INTO public.addresses (id, account_id, region_id, name, address1, address2, city, zip, is_default_shipping, phone_number, created_at, updated_at, deleted_at) VALUES (172, 74, 4177, 'Godfrey Block', 'Franecki', 'Suite 822', 'Anthony Harbor', '07644', true, null, '2017-05-25 16:59:28.947909', '2017-05-25 16:59:28.947909', null);
INSERT INTO public.addresses (id, account_id, region_id, name, address1, address2, city, zip, is_default_shipping, phone_number, created_at, updated_at, deleted_at) VALUES (173, 74, 4177, 'Godfrey Block', 'Howe', 'Suite 144', 'Randi Mount', '75781', false, null, '2017-05-25 16:59:28.947909', '2017-05-25 16:59:28.947909', null);
INSERT INTO public.addresses (id, account_id, region_id, name, address1, address2, city, zip, is_default_shipping, phone_number, created_at, updated_at, deleted_at) VALUES (174, 75, 4177, 'Nelson Baumbach', 'Aufderhar', null, 'Daisha Hills', '36616', true, '1285856423', '2017-05-25 16:59:28.947909', '2017-05-25 16:59:28.947909', null);
INSERT INTO public.addresses (id, account_id, region_id, name, address1, address2, city, zip, is_default_shipping, phone_number, created_at, updated_at, deleted_at) VALUES (175, 75, 4177, 'Nelson Baumbach', 'Barrows', 'Suite 955', 'Doyle Rest', '26040', false, null, '2017-05-25 16:59:28.947909', '2017-05-25 16:59:28.947909', null);
INSERT INTO public.addresses (id, account_id, region_id, name, address1, address2, city, zip, is_default_shipping, phone_number, created_at, updated_at, deleted_at) VALUES (176, 75, 4177, 'Nelson Baumbach', 'Tromp', 'Suite 881', 'Angus Causeway', '16716', false, null, '2017-05-25 16:59:28.947909', '2017-05-25 16:59:28.947909', null);
INSERT INTO public.addresses (id, account_id, region_id, name, address1, address2, city, zip, is_default_shipping, phone_number, created_at, updated_at, deleted_at) VALUES (177, 76, 4177, 'Breanne Roob', 'Heidenreich', 'Apt. 676', 'Roscoe Station', '46254', true, '9769853898', '2017-05-25 16:59:28.947909', '2017-05-25 16:59:28.947909', null);
INSERT INTO public.addresses (id, account_id, region_id, name, address1, address2, city, zip, is_default_shipping, phone_number, created_at, updated_at, deleted_at) VALUES (178, 76, 4177, 'Breanne Roob', 'Koss', null, 'Cora Squares', '35430', false, '1700488710', '2017-05-25 16:59:28.947909', '2017-05-25 16:59:28.947909', null);
INSERT INTO public.addresses (id, account_id, region_id, name, address1, address2, city, zip, is_default_shipping, phone_number, created_at, updated_at, deleted_at) VALUES (179, 77, 4177, 'Dusty Ryan', 'Keebler', 'Apt. 776', 'Hector Square', '59288', true, null, '2017-05-25 16:59:28.947909', '2017-05-25 16:59:28.947909', null);
INSERT INTO public.addresses (id, account_id, region_id, name, address1, address2, city, zip, is_default_shipping, phone_number, created_at, updated_at, deleted_at) VALUES (180, 77, 4177, 'Dusty Ryan', 'Hane', 'Apt. 355', 'Zander Vista', '89008', false, '2572346072', '2017-05-25 16:59:28.947909', '2017-05-25 16:59:28.947909', null);
INSERT INTO public.addresses (id, account_id, region_id, name, address1, address2, city, zip, is_default_shipping, phone_number, created_at, updated_at, deleted_at) VALUES (181, 77, 4177, 'Dusty Ryan', 'Senger', 'Apt. 598', 'Chanelle Stravenue', '66025', false, '4046703344', '2017-05-25 16:59:28.947909', '2017-05-25 16:59:28.947909', null);
INSERT INTO public.addresses (id, account_id, region_id, name, address1, address2, city, zip, is_default_shipping, phone_number, created_at, updated_at, deleted_at) VALUES (182, 78, 4177, 'Althea Hudson', 'Jacobi', 'Suite 643', 'Junior Station', '93373', true, null, '2017-05-25 16:59:28.947909', '2017-05-25 16:59:28.947909', null);
INSERT INTO public.addresses (id, account_id, region_id, name, address1, address2, city, zip, is_default_shipping, phone_number, created_at, updated_at, deleted_at) VALUES (183, 78, 4177, 'Althea Hudson', 'Graham', null, 'Annie Lake', '81058', false, '0983608061', '2017-05-25 16:59:28.947909', '2017-05-25 16:59:28.947909', null);
INSERT INTO public.addresses (id, account_id, region_id, name, address1, address2, city, zip, is_default_shipping, phone_number, created_at, updated_at, deleted_at) VALUES (184, 78, 4177, 'Althea Hudson', 'Hessel', null, 'Adelle Tunnel', '73398', false, '7597461542', '2017-05-25 16:59:28.947909', '2017-05-25 16:59:28.947909', null);
INSERT INTO public.addresses (id, account_id, region_id, name, address1, address2, city, zip, is_default_shipping, phone_number, created_at, updated_at, deleted_at) VALUES (185, 79, 4177, 'Dr. Ephraim Erdman', 'Boyer', 'Suite 002', 'Roselyn Summit', '37669', true, '7412992670', '2017-05-25 16:59:28.947909', '2017-05-25 16:59:28.947909', null);
INSERT INTO public.addresses (id, account_id, region_id, name, address1, address2, city, zip, is_default_shipping, phone_number, created_at, updated_at, deleted_at) VALUES (186, 79, 4177, 'Dr. Ephraim Erdman', 'Cassin', 'Suite 183', 'Anahi Trafficway', '24986', false, null, '2017-05-25 16:59:28.947909', '2017-05-25 16:59:28.947909', null);
INSERT INTO public.addresses (id, account_id, region_id, name, address1, address2, city, zip, is_default_shipping, phone_number, created_at, updated_at, deleted_at) VALUES (187, 79, 4177, 'Dr. Ephraim Erdman', 'Gaylord', 'Suite 455', 'Modesta Port', '94843', false, null, '2017-05-25 16:59:28.947909', '2017-05-25 16:59:28.947909', null);
INSERT INTO public.addresses (id, account_id, region_id, name, address1, address2, city, zip, is_default_shipping, phone_number, created_at, updated_at, deleted_at) VALUES (188, 80, 4177, 'Miss Stacey Powlowski', 'Smith', null, 'Marcos Via', '72053', true, null, '2017-05-25 16:59:28.947909', '2017-05-25 16:59:28.947909', null);
INSERT INTO public.addresses (id, account_id, region_id, name, address1, address2, city, zip, is_default_shipping, phone_number, created_at, updated_at, deleted_at) VALUES (189, 80, 4177, 'Miss Stacey Powlowski', 'Ondricka', null, 'Emilie Shores', '50023', false, '0688154886', '2017-05-25 16:59:28.947909', '2017-05-25 16:59:28.947909', null);
INSERT INTO public.addresses (id, account_id, region_id, name, address1, address2, city, zip, is_default_shipping, phone_number, created_at, updated_at, deleted_at) VALUES (190, 80, 4177, 'Miss Stacey Powlowski', 'Kautzer', null, 'Jazmyn Cliff', '78826', false, '7628189818', '2017-05-25 16:59:28.947909', '2017-05-25 16:59:28.947909', null);
INSERT INTO public.addresses (id, account_id, region_id, name, address1, address2, city, zip, is_default_shipping, phone_number, created_at, updated_at, deleted_at) VALUES (191, 81, 4177, 'Kayley Schneider V', 'Miller', null, 'Karley Vista', '79569', true, '4793028873', '2017-05-25 16:59:28.947909', '2017-05-25 16:59:28.947909', null);
INSERT INTO public.addresses (id, account_id, region_id, name, address1, address2, city, zip, is_default_shipping, phone_number, created_at, updated_at, deleted_at) VALUES (192, 81, 4177, 'Kayley Schneider V', 'Crist', 'Apt. 869', 'Vinnie Lane', '99416', false, null, '2017-05-25 16:59:28.947909', '2017-05-25 16:59:28.947909', null);
INSERT INTO public.addresses (id, account_id, region_id, name, address1, address2, city, zip, is_default_shipping, phone_number, created_at, updated_at, deleted_at) VALUES (193, 81, 4177, 'Kayley Schneider V', 'Turcotte', null, 'Deion Cove', '83399', false, null, '2017-05-25 16:59:28.947909', '2017-05-25 16:59:28.947909', null);
INSERT INTO public.addresses (id, account_id, region_id, name, address1, address2, city, zip, is_default_shipping, phone_number, created_at, updated_at, deleted_at) VALUES (194, 82, 4177, 'Eriberto Hamill', 'Trantow', null, 'Hillary Road', '58162', true, '3799133219', '2017-05-25 16:59:28.947909', '2017-05-25 16:59:28.947909', null);
INSERT INTO public.addresses (id, account_id, region_id, name, address1, address2, city, zip, is_default_shipping, phone_number, created_at, updated_at, deleted_at) VALUES (195, 82, 4177, 'Eriberto Hamill', 'Johnson', null, 'Diego Junction', '76936', false, '1584143388', '2017-05-25 16:59:28.947909', '2017-05-25 16:59:28.947909', null);
INSERT INTO public.addresses (id, account_id, region_id, name, address1, address2, city, zip, is_default_shipping, phone_number, created_at, updated_at, deleted_at) VALUES (196, 82, 4177, 'Eriberto Hamill', 'Gottlieb', null, 'Liliana Ports', '20354', false, '0326303642', '2017-05-25 16:59:28.947909', '2017-05-25 16:59:28.947909', null);
INSERT INTO public.addresses (id, account_id, region_id, name, address1, address2, city, zip, is_default_shipping, phone_number, created_at, updated_at, deleted_at) VALUES (197, 83, 4177, 'Ms. Amelia Fritsch', 'Bradtke', 'Apt. 085', 'Montana Mountains', '15195', true, '1947346987', '2017-05-25 16:59:28.947909', '2017-05-25 16:59:28.947909', null);
INSERT INTO public.addresses (id, account_id, region_id, name, address1, address2, city, zip, is_default_shipping, phone_number, created_at, updated_at, deleted_at) VALUES (198, 83, 4177, 'Ms. Amelia Fritsch', 'Hessel', null, 'Daryl Coves', '35327', false, null, '2017-05-25 16:59:28.947909', '2017-05-25 16:59:28.947909', null);
INSERT INTO public.addresses (id, account_id, region_id, name, address1, address2, city, zip, is_default_shipping, phone_number, created_at, updated_at, deleted_at) VALUES (199, 84, 4177, 'Sheldon Mueller Sr.', 'Gerlach', null, 'Mckenna Viaduct', '94981', true, null, '2017-05-25 16:59:28.947909', '2017-05-25 16:59:28.947909', null);
INSERT INTO public.addresses (id, account_id, region_id, name, address1, address2, city, zip, is_default_shipping, phone_number, created_at, updated_at, deleted_at) VALUES (200, 84, 4177, 'Sheldon Mueller Sr.', 'Bode', null, 'Kaylie Trail', '59321', false, '3868662247', '2017-05-25 16:59:28.947909', '2017-05-25 16:59:28.947909', null);
INSERT INTO public.addresses (id, account_id, region_id, name, address1, address2, city, zip, is_default_shipping, phone_number, created_at, updated_at, deleted_at) VALUES (201, 85, 4177, 'Devin Emard', 'Wolf', null, 'Rebeca Stream', '52240', true, '7966526375', '2017-05-25 16:59:28.947909', '2017-05-25 16:59:28.947909', null);
INSERT INTO public.addresses (id, account_id, region_id, name, address1, address2, city, zip, is_default_shipping, phone_number, created_at, updated_at, deleted_at) VALUES (202, 85, 4177, 'Devin Emard', 'Schowalter', 'Suite 313', 'Jaquan Manors', '03123', false, null, '2017-05-25 16:59:28.947909', '2017-05-25 16:59:28.947909', null);
INSERT INTO public.addresses (id, account_id, region_id, name, address1, address2, city, zip, is_default_shipping, phone_number, created_at, updated_at, deleted_at) VALUES (203, 86, 4177, 'Zoie Hermann', 'Collier', 'Suite 796', 'Javonte View', '73432', true, null, '2017-05-25 16:59:28.947909', '2017-05-25 16:59:28.947909', null);
INSERT INTO public.addresses (id, account_id, region_id, name, address1, address2, city, zip, is_default_shipping, phone_number, created_at, updated_at, deleted_at) VALUES (204, 86, 4177, 'Zoie Hermann', 'Swaniawski', null, 'Shawn Points', '27225', false, '5367245575', '2017-05-25 16:59:28.947909', '2017-05-25 16:59:28.947909', null);
INSERT INTO public.addresses (id, account_id, region_id, name, address1, address2, city, zip, is_default_shipping, phone_number, created_at, updated_at, deleted_at) VALUES (205, 87, 4177, 'Gerald Bogisich DVM', 'Kreiger', null, 'Seth Hollow', '87530', true, null, '2017-05-25 16:59:28.947909', '2017-05-25 16:59:28.947909', null);
INSERT INTO public.addresses (id, account_id, region_id, name, address1, address2, city, zip, is_default_shipping, phone_number, created_at, updated_at, deleted_at) VALUES (206, 87, 4177, 'Gerald Bogisich DVM', 'Kihn', 'Apt. 645', 'Enola Points', '00148', false, '4572668142', '2017-05-25 16:59:28.947909', '2017-05-25 16:59:28.947909', null);
INSERT INTO public.addresses (id, account_id, region_id, name, address1, address2, city, zip, is_default_shipping, phone_number, created_at, updated_at, deleted_at) VALUES (207, 87, 4177, 'Gerald Bogisich DVM', 'Batz', null, 'Elton Street', '16494', false, '8676651458', '2017-05-25 16:59:28.947909', '2017-05-25 16:59:28.947909', null);
INSERT INTO public.addresses (id, account_id, region_id, name, address1, address2, city, zip, is_default_shipping, phone_number, created_at, updated_at, deleted_at) VALUES (208, 88, 4177, 'Courtney Denesik', 'Roob', null, 'Alford Extension', '57200', true, null, '2017-05-25 16:59:28.947909', '2017-05-25 16:59:28.947909', null);
INSERT INTO public.addresses (id, account_id, region_id, name, address1, address2, city, zip, is_default_shipping, phone_number, created_at, updated_at, deleted_at) VALUES (209, 88, 4177, 'Courtney Denesik', 'Heidenreich', null, 'Fred Roads', '20813', false, null, '2017-05-25 16:59:28.947909', '2017-05-25 16:59:28.947909', null);
INSERT INTO public.addresses (id, account_id, region_id, name, address1, address2, city, zip, is_default_shipping, phone_number, created_at, updated_at, deleted_at) VALUES (210, 88, 4177, 'Courtney Denesik', 'Bernhard', null, 'Norene Branch', '01728', false, null, '2017-05-25 16:59:28.947909', '2017-05-25 16:59:28.947909', null);
INSERT INTO public.addresses (id, account_id, region_id, name, address1, address2, city, zip, is_default_shipping, phone_number, created_at, updated_at, deleted_at) VALUES (211, 89, 4177, 'Brooks Kessler MD', 'Lemke', null, 'Samantha Summit', '44314', true, null, '2017-05-25 16:59:28.947909', '2017-05-25 16:59:28.947909', null);
INSERT INTO public.addresses (id, account_id, region_id, name, address1, address2, city, zip, is_default_shipping, phone_number, created_at, updated_at, deleted_at) VALUES (212, 89, 4177, 'Brooks Kessler MD', 'Russel', 'Suite 420', 'Ladarius Lights', '65848', false, '7867128280', '2017-05-25 16:59:28.947909', '2017-05-25 16:59:28.947909', null);
INSERT INTO public.addresses (id, account_id, region_id, name, address1, address2, city, zip, is_default_shipping, phone_number, created_at, updated_at, deleted_at) VALUES (213, 89, 4177, 'Brooks Kessler MD', 'Ebert', null, 'Annette Overpass', '19011', false, null, '2017-05-25 16:59:28.947909', '2017-05-25 16:59:28.947909', null);
INSERT INTO public.addresses (id, account_id, region_id, name, address1, address2, city, zip, is_default_shipping, phone_number, created_at, updated_at, deleted_at) VALUES (214, 90, 4177, 'Robbie Halvorson', 'Runolfsson', 'Suite 710', 'Linnie Union', '88155', true, null, '2017-05-25 16:59:28.947909', '2017-05-25 16:59:28.947909', null);
INSERT INTO public.addresses (id, account_id, region_id, name, address1, address2, city, zip, is_default_shipping, phone_number, created_at, updated_at, deleted_at) VALUES (215, 90, 4177, 'Robbie Halvorson', 'Mitchell', 'Suite 868', 'Carlotta Fork', '15884', false, '7082965772', '2017-05-25 16:59:28.947909', '2017-05-25 16:59:28.947909', null);
INSERT INTO public.addresses (id, account_id, region_id, name, address1, address2, city, zip, is_default_shipping, phone_number, created_at, updated_at, deleted_at) VALUES (216, 91, 4177, 'Cleo Durgan', 'Gerlach', null, 'Jedediah Curve', '60912', true, null, '2017-05-25 16:59:28.947909', '2017-05-25 16:59:28.947909', null);
INSERT INTO public.addresses (id, account_id, region_id, name, address1, address2, city, zip, is_default_shipping, phone_number, created_at, updated_at, deleted_at) VALUES (217, 91, 4177, 'Cleo Durgan', 'Deckow', 'Apt. 546', 'Ilene Common', '41405', false, null, '2017-05-25 16:59:28.947909', '2017-05-25 16:59:28.947909', null);
INSERT INTO public.addresses (id, account_id, region_id, name, address1, address2, city, zip, is_default_shipping, phone_number, created_at, updated_at, deleted_at) VALUES (218, 91, 4177, 'Cleo Durgan', 'Osinski', 'Apt. 205', 'Easton Common', '61521', false, '6807193585', '2017-05-25 16:59:28.947909', '2017-05-25 16:59:28.947909', null);
INSERT INTO public.addresses (id, account_id, region_id, name, address1, address2, city, zip, is_default_shipping, phone_number, created_at, updated_at, deleted_at) VALUES (219, 92, 4177, 'Celestino Huel', 'Heller', 'Apt. 374', 'Macey Glens', '33434', true, null, '2017-05-25 16:59:28.947909', '2017-05-25 16:59:28.947909', null);
INSERT INTO public.addresses (id, account_id, region_id, name, address1, address2, city, zip, is_default_shipping, phone_number, created_at, updated_at, deleted_at) VALUES (220, 92, 4177, 'Celestino Huel', 'Hirthe', 'Suite 476', 'Jonas Points', '87107', false, null, '2017-05-25 16:59:28.947909', '2017-05-25 16:59:28.947909', null);
INSERT INTO public.addresses (id, account_id, region_id, name, address1, address2, city, zip, is_default_shipping, phone_number, created_at, updated_at, deleted_at) VALUES (221, 93, 4177, 'Bulah Harris', 'Kozey', null, 'Mariana Estates', '14064', true, '0538313274', '2017-05-25 16:59:28.947909', '2017-05-25 16:59:28.947909', null);
INSERT INTO public.addresses (id, account_id, region_id, name, address1, address2, city, zip, is_default_shipping, phone_number, created_at, updated_at, deleted_at) VALUES (222, 93, 4177, 'Bulah Harris', 'Gleason', null, 'Murray Heights', '83571', false, '0693210301', '2017-05-25 16:59:28.947909', '2017-05-25 16:59:28.947909', null);
INSERT INTO public.addresses (id, account_id, region_id, name, address1, address2, city, zip, is_default_shipping, phone_number, created_at, updated_at, deleted_at) VALUES (223, 94, 4177, 'Wilford Luettgen', 'Veum', 'Suite 984', 'Aaliyah Coves', '50276', true, null, '2017-05-25 16:59:28.947909', '2017-05-25 16:59:28.947909', null);
INSERT INTO public.addresses (id, account_id, region_id, name, address1, address2, city, zip, is_default_shipping, phone_number, created_at, updated_at, deleted_at) VALUES (224, 94, 4177, 'Wilford Luettgen', 'Ledner', null, 'Isabelle Parkway', '72319', false, '5878204377', '2017-05-25 16:59:28.947909', '2017-05-25 16:59:28.947909', null);
INSERT INTO public.addresses (id, account_id, region_id, name, address1, address2, city, zip, is_default_shipping, phone_number, created_at, updated_at, deleted_at) VALUES (225, 94, 4177, 'Wilford Luettgen', 'Bauch', null, 'Alexane Rue', '61473', false, null, '2017-05-25 16:59:28.947909', '2017-05-25 16:59:28.947909', null);
INSERT INTO public.addresses (id, account_id, region_id, name, address1, address2, city, zip, is_default_shipping, phone_number, created_at, updated_at, deleted_at) VALUES (226, 95, 4177, 'Miss Tyler Murazik', 'Mann', null, 'Clara Fort', '86697', true, null, '2017-05-25 16:59:28.947909', '2017-05-25 16:59:28.947909', null);
INSERT INTO public.addresses (id, account_id, region_id, name, address1, address2, city, zip, is_default_shipping, phone_number, created_at, updated_at, deleted_at) VALUES (227, 95, 4177, 'Miss Tyler Murazik', 'Crist', 'Suite 579', 'Michele Knoll', '47374', false, '1285042054', '2017-05-25 16:59:28.947909', '2017-05-25 16:59:28.947909', null);
INSERT INTO public.addresses (id, account_id, region_id, name, address1, address2, city, zip, is_default_shipping, phone_number, created_at, updated_at, deleted_at) VALUES (228, 96, 4177, 'Ms. Marge Pfannerstill', 'Dach', 'Suite 800', 'Devante Shoals', '82703', true, '4799923484', '2017-05-25 16:59:28.947909', '2017-05-25 16:59:28.947909', null);
INSERT INTO public.addresses (id, account_id, region_id, name, address1, address2, city, zip, is_default_shipping, phone_number, created_at, updated_at, deleted_at) VALUES (229, 96, 4177, 'Ms. Marge Pfannerstill', 'Gerlach', 'Apt. 084', 'Alena Passage', '87475', false, '3408983037', '2017-05-25 16:59:28.947909', '2017-05-25 16:59:28.947909', null);
INSERT INTO public.addresses (id, account_id, region_id, name, address1, address2, city, zip, is_default_shipping, phone_number, created_at, updated_at, deleted_at) VALUES (230, 97, 4177, 'Fermin Fritsch', 'Waelchi', 'Suite 850', 'Wyman Park', '04062', true, null, '2017-05-25 16:59:28.947909', '2017-05-25 16:59:28.947909', null);
INSERT INTO public.addresses (id, account_id, region_id, name, address1, address2, city, zip, is_default_shipping, phone_number, created_at, updated_at, deleted_at) VALUES (231, 97, 4177, 'Fermin Fritsch', 'O''Conner', null, 'Curtis Valleys', '11262', false, null, '2017-05-25 16:59:28.947909', '2017-05-25 16:59:28.947909', null);
INSERT INTO public.addresses (id, account_id, region_id, name, address1, address2, city, zip, is_default_shipping, phone_number, created_at, updated_at, deleted_at) VALUES (232, 97, 4177, 'Fermin Fritsch', 'Kiehn', 'Apt. 046', 'Jasen Court', '49637', false, '8303056949', '2017-05-25 16:59:28.947909', '2017-05-25 16:59:28.947909', null);
INSERT INTO public.addresses (id, account_id, region_id, name, address1, address2, city, zip, is_default_shipping, phone_number, created_at, updated_at, deleted_at) VALUES (233, 98, 4177, 'Ms. Moses Schimmel', 'Larkin', null, 'Aniya Groves', '46934', true, '9168590762', '2017-05-25 16:59:28.947909', '2017-05-25 16:59:28.947909', null);
INSERT INTO public.addresses (id, account_id, region_id, name, address1, address2, city, zip, is_default_shipping, phone_number, created_at, updated_at, deleted_at) VALUES (234, 98, 4177, 'Ms. Moses Schimmel', 'Skiles', 'Apt. 221', 'Johanna Forks', '34426', false, '8730791639', '2017-05-25 16:59:28.947909', '2017-05-25 16:59:28.947909', null);
INSERT INTO public.addresses (id, account_id, region_id, name, address1, address2, city, zip, is_default_shipping, phone_number, created_at, updated_at, deleted_at) VALUES (235, 99, 4177, 'Miss Maverick Bahringer', 'Bartell', 'Apt. 487', 'Emilie Summit', '57784', true, '3474891918', '2017-05-25 16:59:28.947909', '2017-05-25 16:59:28.947909', null);
INSERT INTO public.addresses (id, account_id, region_id, name, address1, address2, city, zip, is_default_shipping, phone_number, created_at, updated_at, deleted_at) VALUES (236, 99, 4177, 'Miss Maverick Bahringer', 'Lubowitz', 'Suite 101', 'Lynn Lakes', '25371', false, null, '2017-05-25 16:59:28.947909', '2017-05-25 16:59:28.947909', null);
INSERT INTO public.addresses (id, account_id, region_id, name, address1, address2, city, zip, is_default_shipping, phone_number, created_at, updated_at, deleted_at) VALUES (237, 99, 4177, 'Miss Maverick Bahringer', 'Aufderhar', null, 'Sasha Plains', '50110', false, '6998641396', '2017-05-25 16:59:28.947909', '2017-05-25 16:59:28.947909', null);
INSERT INTO public.addresses (id, account_id, region_id, name, address1, address2, city, zip, is_default_shipping, phone_number, created_at, updated_at, deleted_at) VALUES (238, 100, 4177, 'Mr. Steve Waters', 'Rogahn', null, 'Shanel Manors', '05216', true, null, '2017-05-25 16:59:28.947909', '2017-05-25 16:59:28.947909', null);
INSERT INTO public.addresses (id, account_id, region_id, name, address1, address2, city, zip, is_default_shipping, phone_number, created_at, updated_at, deleted_at) VALUES (239, 100, 4177, 'Mr. Steve Waters', 'Stracke', null, 'Heath Plains', '76626', false, '1968656074', '2017-05-25 16:59:28.947909', '2017-05-25 16:59:28.947909', null);
INSERT INTO public.addresses (id, account_id, region_id, name, address1, address2, city, zip, is_default_shipping, phone_number, created_at, updated_at, deleted_at) VALUES (240, 101, 4177, 'Misael Johnston I', 'Schowalter', null, 'Delmer Field', '61561', true, null, '2017-05-25 16:59:28.947909', '2017-05-25 16:59:28.947909', null);
INSERT INTO public.addresses (id, account_id, region_id, name, address1, address2, city, zip, is_default_shipping, phone_number, created_at, updated_at, deleted_at) VALUES (241, 101, 4177, 'Misael Johnston I', 'Huels', null, 'Charles Station', '00806', false, null, '2017-05-25 16:59:28.947909', '2017-05-25 16:59:28.947909', null);
INSERT INTO public.addresses (id, account_id, region_id, name, address1, address2, city, zip, is_default_shipping, phone_number, created_at, updated_at, deleted_at) VALUES (242, 102, 4177, 'Mr. Elvie Von', 'Hayes', null, 'Rosalind Isle', '83850', true, null, '2017-05-25 16:59:28.947909', '2017-05-25 16:59:28.947909', null);
INSERT INTO public.addresses (id, account_id, region_id, name, address1, address2, city, zip, is_default_shipping, phone_number, created_at, updated_at, deleted_at) VALUES (243, 102, 4177, 'Mr. Elvie Von', 'Walsh', null, 'Ronny Branch', '85030', false, null, '2017-05-25 16:59:28.947909', '2017-05-25 16:59:28.947909', null);
INSERT INTO public.addresses (id, account_id, region_id, name, address1, address2, city, zip, is_default_shipping, phone_number, created_at, updated_at, deleted_at) VALUES (244, 103, 4177, 'Isobel Emard PhD', 'Osinski', 'Suite 345', 'Schuyler Locks', '42146', true, '2891070726', '2017-05-25 16:59:28.947909', '2017-05-25 16:59:28.947909', null);
INSERT INTO public.addresses (id, account_id, region_id, name, address1, address2, city, zip, is_default_shipping, phone_number, created_at, updated_at, deleted_at) VALUES (245, 103, 4177, 'Isobel Emard PhD', 'Parisian', 'Suite 697', 'Grayson Route', '71125', false, '8822456934', '2017-05-25 16:59:28.947909', '2017-05-25 16:59:28.947909', null);
INSERT INTO public.addresses (id, account_id, region_id, name, address1, address2, city, zip, is_default_shipping, phone_number, created_at, updated_at, deleted_at) VALUES (246, 103, 4177, 'Isobel Emard PhD', 'Lueilwitz', 'Suite 096', 'Dillan Parkway', '05058', false, '1875647099', '2017-05-25 16:59:28.947909', '2017-05-25 16:59:28.947909', null);
INSERT INTO public.addresses (id, account_id, region_id, name, address1, address2, city, zip, is_default_shipping, phone_number, created_at, updated_at, deleted_at) VALUES (247, 104, 4177, 'Jovani Dickens', 'Stehr', null, 'Genevieve Shoals', '12609', true, null, '2017-05-25 16:59:28.947909', '2017-05-25 16:59:28.947909', null);
INSERT INTO public.addresses (id, account_id, region_id, name, address1, address2, city, zip, is_default_shipping, phone_number, created_at, updated_at, deleted_at) VALUES (248, 104, 4177, 'Jovani Dickens', 'Stanton', 'Apt. 885', 'Adonis Rapids', '89477', false, null, '2017-05-25 16:59:28.947909', '2017-05-25 16:59:28.947909', null);
INSERT INTO public.addresses (id, account_id, region_id, name, address1, address2, city, zip, is_default_shipping, phone_number, created_at, updated_at, deleted_at) VALUES (249, 104, 4177, 'Jovani Dickens', 'Moore', null, 'Nelson Shoals', '67827', false, null, '2017-05-25 16:59:28.947909', '2017-05-25 16:59:28.947909', null);
INSERT INTO public.addresses (id, account_id, region_id, name, address1, address2, city, zip, is_default_shipping, phone_number, created_at, updated_at, deleted_at) VALUES (250, 105, 4177, 'Garry Daniel PhD', 'Murazik', 'Apt. 579', 'Kevin Streets', '10272', true, null, '2017-05-25 16:59:28.947909', '2017-05-25 16:59:28.947909', null);
INSERT INTO public.addresses (id, account_id, region_id, name, address1, address2, city, zip, is_default_shipping, phone_number, created_at, updated_at, deleted_at) VALUES (251, 105, 4177, 'Garry Daniel PhD', 'Lebsack', null, 'Hollie Branch', '75911', false, null, '2017-05-25 16:59:28.947909', '2017-05-25 16:59:28.947909', null);